id,text,target
0,Just happened a terrible car crash,NO
2,"Heard about #earthquake is different cities, stay safe everyone.",NO
3,"there is a forest fire at spot pond, geese are fleeing across the street, I cannot save them all",NO
9,Apocalypse lighting. #Spokane #wildfires,NO
11,Typhoon Soudelor kills 28 in China and Taiwan,NO
12,We're shaking...It's an earthquake,NO
21,"They'd probably still show more life than Arsenal did yesterday, eh? EH?",NO
22,Hey! How are you?,NO
27,What a nice hat?,NO
29,Fuck off!,NO
30,No I don't like cold!,NO
35,NOOOOOOOOO! Don't do that!,NO
42,No don't tell me that!,NO
43,What if?!,NO
45,Awesome!,NO
46,Birmingham Wholesale Market is ablaze BBC News - Fire breaks out at Birmingham's Wholesale Market http://t.co/irWqCEZWEU,YES
47,@sunkxssedharry will you wear shorts for race ablaze ?,NO
51,#PreviouslyOnDoyinTv: Toke MakinwaÛªs marriage crisis sets Nigerian Twitter ablaze... http://t.co/CMghxBa2XI,YES
58,Check these out: http://t.co/rOI2NSmEJJ http://t.co/3Tj8ZjiN21 http://t.co/YDUiXEfIpE http://t.co/LxTjc87KLS #nsfw,NO
60,"PSA: IÛªm splitting my personalities.

?? techies follow @ablaze_co
?? Burners follow @ablaze",NO
69,beware world ablaze sierra leone &amp; guap.,NO
70,Burning Man Ablaze! by Turban Diva http://t.co/hodWosAmWS via @Etsy,YES
72,Not a diss song. People will take 1 thing and run with it. Smh it's an eye opener though. He is about 2 set the game ablaze @CyhiThePrynce,NO
75,Rape victim dies as she sets herself ablaze: A 16-year-old girl died of burn injuries as she set herself ablazeÛ_ http://t.co/UK8hNrbOob,YES
84,SETTING MYSELF ABLAZE http://t.co/6vMe7P5XhC,NO
87,@CTVToronto the bins in front of the field by my house wer set ablaze the other day flames went rite up the hydro pole wonder if it was him,NO
88,#nowplaying Alfons - Ablaze 2015 on Puls Radio #pulsradio http://t.co/aA5BJgWfDv,NO
90,'Burning Rahm': Let's hope City Hall builds a giant wooden mayoral effigy 100 feet tall &amp; sets it ablaze. http://t.co/kFo2mksn6Y @John_Kass,NO
94,@PhilippaEilhart @DhuBlath hurt but her eyes ablaze with insulted anger.,NO
99,Accident cleared in #PaTurnpike on PATP EB between PA-18 and Cranberry slow back to #traffic http://t.co/SL0Oqn0Vyr,YES
101,Just got to love burning your self on a damn curling wand... I swear someone needs to take it away from me cuase I'm just accident prone.,NO
103,I hate badging shit in accident,NO
106,#3: Car Recorder ZeroEdgeå¨ Dual-lens Car Camera Vehicle Traffic/Driving History/Accident Camcorder  Large Re... http://t.co/kKFaSJv6Cj,YES
108,Coincidence Or #Curse? Still #Unresolved Secrets From Past http://t.co/7VG8Df9pLE #accident,NO
111,@Traffic_SouthE @roadpol_east Accident on A27 near Lewes is it Kingston Roundabout rather than A283,YES
115,@sakuma_en If you pretend to feel a certain way the feeling can become genuine all by accident. -Hei (Darker than Black) #manga #anime,NO
116,For Legal and Medical Referral Service @1800_Injured Call us at: 1-800-465-87332 #accident #slipandfall #dogbite,NO
122,There's a construction guy working on the Disney store and he has huge gauges in his ears ?? ...that is a bloody accident waiting to happen,NO
123,@RobynJilllian @WlSDOMTEETHS I feel like I'm going to do it on accident. Teesha is gonna come out??,NO
124,On the #M42 northbound between junctions J3 and J3A there are currently delays of 10 mins due to an accident c... http://t.co/LwI3prBa31,NO
125,@DaveOshry @Soembie So if I say that I met her by accident this week- would you be super jelly Dave? :p,NO
127,ACCIDENT - HIT AND RUN - COLD at 500 BLOCK OF SE VISTA TER GRESHAM OR [Gresham Police #PG15000044357] 10:35 #pdx911,YES
140,@Calum5SOS this happened on accident but I like it http://t.co/QHmXuljSX9,NO
142,Please donate and spread the word! A training accident left the pole-vaulter Kira GrÌ_nberg a paraplegic http://t.co/6MpnyCl8PK,NO
147,Please like and share our new page for our Indoor Trampoline Park Aftershock opening this fall!! http://t.co/UgXhHErrxS,NO
148,@bxckylynch foi no ROH Aftershock: Las Vegas procura no pirate bay que tem,NO
150,"Schoolboy ÛÒ Aftershock (Original Mix)
Excision &amp; Skism ÛÒ SEXisM (Far Too Loud Remix)
Firebeatz Schella ÛÒ Dear New... http://t.co/JQLzUA6YzQ",YES
152,320 [IR] ICEMOON [AFTERSHOCK] | http://t.co/THyzOMVWU0 | @djicemoon | #Dubstep #TrapMusic #DnB #EDM #Dance #IcesÛ_ http://t.co/83jOO0xk29,NO
154,'When the aftershock happened (Nepal) we were the last int'l team still there; in a way we were 1st responders.' Chief Collins @LACo_FD,NO
155,320 [IR] ICEMOON [AFTERSHOCK] | http://t.co/gRPeF7yAWG | @djicemoon | #Dubstep #TrapMusic #DnB #EDM #Dance #IcesÛ_ http://t.co/GGmvzT58vE,NO
166,Stop saying 'I Wish' and start saying 'I Will'. ÛÒ Unknown,NO
167,I want to go to Aftershock in October because it has all the bands I listen to and #NXT! Can't afford it yet though. #gradschoolapps,NO
169,'We are still living in the aftershock of Hiroshima people are still the scars of history.' - Edward Bond http://t.co/engTl5wrGp,YES
177,320 [IR] ICEMOON [AFTERSHOCK] | http://t.co/THyzOMVWU0 | @djicemoon | #Dubstep #TrapMusic #DnB #EDM #Dance #IcesÛ_ http://t.co/83jOO0xk29,NO
179,Aftershock https://t.co/Ecy4U623nO,NO
181,'There is no victory at bargain basement prices.' Dwight David Eisenhower,NO
186,Bo2 had by far the best competitive maps imo hope bo3 is the same #InVahnWeTrust,NO
188,Brass and Copper in Cataclysm &amp; AfterShock!!! http://t.co/uxYZyaygTy,NO
189,@JadeForMKX You should be happy I don't use Aftershock. That variation counters your play style hard.,NO
192,Aftershock https://t.co/38Nhq9moEf,NO
200,When carelessness leads to an aviation accident the victim has the right to seek compensation for damages. http://t.co/eqAG6rz1vO,YES
202,@rewind_music found out about you guys today(regarding the accident on the airplane lol) &amp; became a fan! Sending love &amp; support from Cali~?,YES
206,A girl who died in an airplane accident fifteen years ago,YES
207,@Mintechan Hihow are you? There is Keio line on the stationright? BTW do you know the airplane accident near Chofu airport this week?,NO
214,Mexican airplane accident in Ocampo Coahuila MX on 7/29/25 killed Coahuila government SubSecretariat Francisco Garcia Castells age 42.,YES
217,Horrible Accident  Man Died In Wings of AirplaneåÊ(29-07-2015) http://t.co/5ZRKZdhODe,YES
223,@god if an accident were to happen on this airplane idc if the rest of my luggage is completely destroyed just please save my makeup,NO
224,Horrible Accident Man Died In Wings of Airplane (29-07-2015) http://t.co/hG8u2kR1Rq,YES
227,#UPDATE: Picture from the Penn Twp. airplane accident. http://t.co/6JfgDnZRlC,YES
228,"See how a judge ruled in this 2009 accident at #JFK Airport? involving Korean Air?.

http://t.co/Yh1cGlN3rl http://t.co/6F5ShPKjOB",YES
230,@thugIauren I had myself on airplane mode by accident ??,YES
233,36 years ago today baseball lost one of its greats in an airplane accident. RIP Captain. #Yankees @yankees http://t.co/iNKU28vjJj,YES
234,Experts in France begin examining airplane debris found on Reunion Island: French air accident experts on Wedn... http://t.co/miw2i0pQxz,YES
236,#BreakingNews Experts in France begin examining airplane debris found on Reunion Island: French air accident e...  http://t.co/3XIcUvlvlJ,YES
239,Experts in France begin examining airplane debris found on Reunion Island: French air accident experts on Wedn...  http://t.co/KuBsM16OuD,YES
250,Twelve feared killed in Pakistani air ambulance helicopter crash http://t.co/zdsug0UjS7,YES
255,http://t.co/Q5XTkaKM08 I'M DYING SEND AN AMBULANCE @M__Belly @brightasastar_,NO
257,AMBULANCE SPRINTER AUTOMATIC FRONTLINE VEHICLE CHOICE OF 14 LEZ COMPLIANT | eBay http://t.co/7X3PDDbT0Z,NO
259,@disneyxrowbrina the ambulance isn't even parked well like its nearly on top of someone's car I'm laughing,NO
275,Shot 12 times. Found dead in cuffs after being involved in a car accident. Officers told ambulance not to treat him. https://t.co/MEUDJwaaNg,YES
278,@margaretcho Call me a fag and I'm going to call you an ambulance :) #RainbowPower,NO
282,New Nanotech Device Will Be Able To Target And Destroy Blood Clots http://t.co/MnmyJXQ9go #science,NO
284,@vballplaya2296 want me to send you  some medic supplies from my dad's ambulance?,NO
286,2 held with heroin in ambulance http://t.co/d9sOwi1G21 http://t.co/OPxmdPIwAu,YES
288,http://t.co/B2FaSrt1tN Twelve feared killed in Pakistani air ambulance helicopter crash http://t.co/O8BJXnEPQm,YES
292,Why should a helicopter ambulance ride to transfer to a hospital 21 miles away cost $29800? http://t.co/7ZqIreY7Te http://t.co/9Qp3PqPwZv,NO
295,so privileged and proud to wear this uniform.?? #NHS #Ambulance #GayUK #Uniform #Proud #Privileged #WhatsYourEmergency http://t.co/0BkmuhYSFx,NO
300,The bartender at work described a drunk man as annihilated @kdunning1919 @hsnowberger @gabrielasmith29. 16 more days,NO
304,Cop pulls drunk driver to safety SECONDS before his car is hit by train. http://t.co/cTL5xzIHxAåÊ http://t.co/1kDOZTD9mv via @ViralSpell,YES
305,Cop pulls drunk driver to safety SECONDS before his car is hit by train. http://t.co/cSsc8HcsXnåÊ http://t.co/jBlGyLCsAy via @ViralSpell,YES
306,@RosieGray Now in all sincerety do you think the UN would move to Israel if there was a fraction of a chance of being annihilated?,NO
308,@johnboywest The only 'stage' the drama queen can stand on is a drama stage &amp; certainly never the world stage; he would be annihilated.,NO
311,"@_drodrolagi #handplacementgoals 
Bro we annihilated that hashtag this week.",NO
317,How do I step outside for 5 seconds and get annihilated  by mosquitoes?,NO
319,@jacksfilms #yiayplan well first we strike dreamworks and the minions will be annihilated.,NO
323,'If your nature appropriates it love will burn you until you become annihilated in your beloved...'  https://t.co/sMlwjunD09,NO
324,@NinaHoag - 'if you shred my Psych work our friendship would be annihilated',NO
325,@thehill this is 1 example of y the Conservatives annihilated Burton v Wiimington Prkng Auth while Liberals stood by &amp;have done nothing,NO
326,"Aug 3 1915ÛÓKAISERJAEGERS WIPED OUT.; Francis Joseph's Crack Regiment Annihilated on Carso Plateau.
http://t.co/D1sPSwl66H",NO
333,They should all die! All of them! Everything annihilated!,NO
339,BROOO HE JUST GOT ANNIHILATED https://t.co/UR7QkqG1wf,NO
342,@AlbertBreer he was probably annihilated needed his DD,NO
343,$GMCR no longe rGreen mountain now Red Mountain...stock annihilated after hours,NO
350,Please sign &amp; RT to save #SaltRiverWildHorses http://t.co/GB8ispiaRP http://t.co/Bx0l87iNc8,NO
351,"Allied Plans for the Annihilation of the German People http://t.co/RUHxGlo18q
http://t.co/HbUpkzWdWq
Louis Nizer - Very interesting...",NO
357,Please share and sign this petition to save wild horses in Arizona. http://t.co/3tsSXPHuFE,NO
359,U.S National Park Services Tonto National Forest: Stop the Annihilation of the Salt River Wild Horse... https://t.co/lATVr8RZCK via @Change,NO
362,NEW! Are souls punished with annihilation? http://t.co/cmNV6VyFCQ,NO
366,***Latest Updates on the Salt River Wild Horse Round-up*** https://t.co/WJsCdvCevH via @Change,NO
367,U.S National Park Services Tonto National Forest: Stop the Annihilation of the Salt River Wild Horse... https://t.co/W5Rhtuey90 via @Change,NO
369,U.S National Park Services Tonto National Forest: Stop the Annihilation of the Salt River Wild Horse... https://t.co/ZhXua8kmae via @Change,NO
373,@BosTeenAuthFest Out of the Silent Planet in print and Annihilation on audio.,NO
374,RT SIGN URGENT Stop the Annihilation of the Salt River Wild Horses!!! #savewildhorses #saltriverhorses https://t.co/8AZjFF8eSi,NO
376,@jackienatalydlt I do.... I only get the iced annihilation??,NO
377,U.S National Park Services Tonto National Forest: Stop the Annihilation of the Salt River Wild Horse... https://t.co/d82wlcP49S via @Change,NO
378,U.S National Park Services Tonto National Forest: Stop the Annihilation of the Salt River Wild Horse... https://t.co/KAlDycTC4H via @Change,NO
379,"@INCIndia under Sonia Gandhi is like Pakistan. Every defeat is treated like a victory.Total annihilation only answer
http://t.co/KtTYiTOw64",YES
382,U.S National Park Services Tonto National Forest: Stop the Annihilation of the Salt River Wild Horse... http://t.co/TrKg2tpWJm via @Change,YES
385,U.S National Park Services Tonto National Forest: Stop the Annihilation of the Salt River Wild Horse... http://t.co/k0q4fnBzss via @Change,NO
387,Stop the Annihilation of the Salt River Wild Horses!!! https://t.co/546utTXzAm via @Change,NO
388,U.S National Park Services Tonto National Forest: Stop the Annihilation of the Salt River Wild Horse... https://t.co/FLcQQeZnVW via @Change,NO
391,U.S National Park Services Tonto National Forest: Stop the Annihilation of the Salt River Wild Horse... https://t.co/FaXDzI90dY via @Change,NO
392,U.S National Park Services Tonto National Forest: Stop the Annihilation of the Salt River Wild Horse... https://t.co/n6VeOjW3S8 via @Change,NO
395,U.S National Park Services Tonto National Forest: Stop the Annihilation of the Salt River Wild Horse... https://t.co/i0z3k0chgg via @Change,NO
399,@spherulitic that almost feels like the SI signs of the apocalypse.  Lol.,NO
400,I liked a @YouTube video from @teamtwiistz http://t.co/OCurjyDRcn FUTURISTIC HOUSE (Built To Survive The Apocalypse!) - Minecraft,NO
403,I liked a @YouTube video http://t.co/jrFjgaAc9F Minecraft: NIGHT LUCKY BLOCK MOD (BOB APOCALYPSE WITHER 2.0 &amp; MORE!) Mod Showcase,NO
405,@thomasa56 Just ONE of my major reasons not to live in *Big City*. If RR's *miss 9 meals* ever comes to pass Cue ANY 'Apocalypse' script.,NO
408,#AskConnor there's a zombie apocalypse. the item to your right is your weapon. you're either screwed or you're gonna live.,NO
411,It's an apocalypse,NO
414,@ItsKingRiffYall I'm excited for apocalypse really dig how the x-men franchise is going I like the 'event' theme a lot.,NO
416,@TMFK_CO sounds like a terrible time. I'll be right there.,NO
417,"Apocalypse no! Why artists should not go into the #Fukushima exclusion zone 
http://t.co/3zqL0qbLUw
#nuclear #ura",NO
422,Southern Prepper Fiction:Sharecropping the Apocalypse https://t.co/HsleABS1Yr #Apocalyptic #doomsday #prepper #book #reading,NO
425,@5SOStag honestly he could say an apocalypse is coming and i would be exited hes so enthusiastic about everything,NO
428,Also my other nephew is proof that fat babies are going to save us from the apocalypse http://t.co/N5VImOqhBG,NO
430,I liked a @YouTube video http://t.co/2umSxRzot3 Zombie Apocalypse: The Rescue,NO
431,I added a video to a @YouTube playlist http://t.co/OCurjyDRcn FUTURISTIC HOUSE (Built To Survive The Apocalypse!) - Minecraft Maps,NO
433,|LIVE NOW| Princes of the Apocalypse:  D&amp;D Encounters #meerkat http://t.co/oY9ES9FVlt,NO
434,I liked a @YouTube video http://t.co/e89GPNEPzT Minecraft: NIGHT LUCKY BLOCK MOD (BOB APOCALYPSE WITHER 2.0 &amp; MORE!) Mod Showcase,NO
439,OMg zombie apocalypse among my students... -___-,NO
441,I liked a @YouTube video http://t.co/uJrIaIVqln Minecraft: NIGHT LUCKY BLOCK MOD (BOB APOCALYPSE WITHER 2.0 &amp; MORE!) Mod Showcase,NO
449,UNIVERSAL ORDER OF ARMAGEDDON http://t.co/3tY4mGm,NO
458,Patent Pending Stream 'Armageddon' EP http://t.co/BOuaJqi3Lf,NO
460,ARMAGEDDON LONDON  |  http://t.co/CULU2OwIUc,NO
464,@hitchBOT I heard you might rise from the ashes of Armageddon. .go hitchbot ..like the true superstar you are.,NO
473,#Turkey invades #Israel - Halfway to #Armageddon http://t.co/xUOh3sJNXF,NO
488,Remember to crowd around the baggage carousel like it's armageddon and the bags are the last remaining food items on earth you animals.,NO
491,"Never compromise. not even in the face of armageddon.
#Watchmen",NO
494,"#MustRead: Vladimir #Putin Issues Major Warning But Is It Too Late To Escape Armageddon? by @PCraigRoberts #US #Rus
http://t.co/5GFhfCIjrF",YES
497,"You da One 

#MTVSummerStar #VideoVeranoMTV  #MTVHottest Britney Spears Lana Del Rey",NO
500,If you build an army of 100 lions and their leader is a dog in any fight the lions will die like a dog.,NO
505,One Direction Is my pick for http://t.co/q2eBlOKeVE Fan Army #Directioners http://t.co/eNCmhz6y34 x1421,NO
507,SHARK ARMY Black Date Stainless Steel Quartz Men Sport Watch - Full read by eBay http://t.co/k6OzC4wFQd http://t.co/H2ZC4nTdZN,NO
508,12.Beyonce Is my pick for http://t.co/thoYhrHkfJ Fan Army #Beyhive http://t.co/WvJ39a3BGM,NO
510,5 Seconds of Summer Is my pick for http://t.co/EFC3896Qgr Fan Army #5SOSFAM http://t.co/aSpwke1YnK,NO
511,Beyonce Is my pick for http://t.co/nnMQlz91o9 Fan Army #Beyhive http://t.co/o91f3cYy0R 67,NO
515,VICTORINOX SWISS ARMY DATE WOMEN'S RUBBER MOP WATCH 241487 http://t.co/q6VCJaTfjx http://t.co/m1cpEw7kbh,YES
525,Hope the Salvation Army at least gave you a tax receipt.  https://t.co/Ir9c545rZy,NO
529,One Direction Is my pick for http://t.co/q2eBlOKeVE Fan Army #Directioners http://t.co/eNCmhz6y34 x1431,NO
532,One Direction Is my pick for http://t.co/q2eBlOKeVE Fan Army #Directioners http://t.co/eNCmhz6y34 x1435,NO
534,One Direction Is my pick for http://t.co/q2eBlOKeVE Fan Army #Directioners http://t.co/eNCmhz6y34 x1415,NO
537,Check out more data on Upper Wabash reservoirs here on @LouisvilleUSACE site: http://t.co/hqqLQUqZmD,NO
539,"ANSWER:
'Therefore it came to pass that in my sixteenth year I did go forth at the head of an army of the... http://t.co/uuAAsb394n",NO
541,One Direction Is my pick for http://t.co/q2eBlOKeVE Fan Army #Directioners http://t.co/eNCmhz6y34 x1424,NO
545,5 Seconds of Summer Is my pick for http://t.co/qcHV3JqOVK Fan Army #5SOSFAM http://t.co/gc0uDfnFgg ÌÑ2,NO
547,Cheesehead Report - Arson charges filed in Jackson County house fire http://t.co/I3Y1ZWjBzO,YES
548,Arson suspect linked to 30 fires caught in Northern California http://t.co/z8tlcAdKOw,YES
549,Israeli police unable to solve the case of Duma arson attack http://t.co/WtZgXzaf7Z,YES
553,"SHOCK REPORT: Muslims Setting Wildfires Across American West...Arson Jihad!

http://t.co/92F4nKxjIu",YES
554,@pnuts_mama Be strong. It's at times like this that arson happens. Push thru past the felony stage.,NO
555,#BreakingNews Mourning notices for stabbing arson victims stir Û÷politics of griefÛª in Israel: Posters f... http://t.co/KTKDrGVHgX #rome,YES
557,Mourning notices for stabbing arson victims stir Û÷politics of griefÛª in Israel: Posters for Shira Banki and A... http://t.co/WbCtkGGTY9,YES
562,RT @an_opus: Elliott will be on probation for two years and will have to pay fines up to $1179.  http://t.co/72bcyfbTj3,NO
566,RT Saginaw - Police sketches of 2 'persons of interest' in Saginaw arson http://t.co/a2tZJ07nId http://t.co/LvtP5MHjaG,YES
572,Fire That Destroyed Charlton Winery Ruled To Be Arson http://t.co/4a9l0jrMYB,NO
573,WEHTWTVWlocal: Trial date set for man charged with arson burglary. https://t.co/eUk7lKS11r,NO
582,Man charged in connection to Shawnee arson and burglary: OLATHE Kan. ÛÓ A man was in court Wednesday accused ofÛ_ http://t.co/zcXmQoKtZ1,YES
586,960KZIM: Steele police arrest 2 in possible arson investigation https://t.co/w6ZbWryqjC,NO
587,@Vixuhn rip arson,NO
590,Arson suspect linked to 30 fires caught in Northern California http://t.co/HkFPyNb4PS,YES
591,RT @TheAdvocateMag: Owner of Chicago-Area Gay Bar Admits to Arson Scheme http://t.co/wHTMwtgROJ #p2 #LGBT,NO
593,#LGBTQ News ?? Owner of Chicago-Area Gay Bar Admits to Arson Scheme: Frank Elliott pleaded... http://t.co/sGb9vNWqUx Via @TheAdvocateMag,YES
595,Mourning notices for stabbing arson victims stir Û÷politics of griefÛª in Israel: Posters for Shira Banki and A... http://t.co/6o92wDfcLu,YES
596,Contra Costa Co. authorities arrest suspected serial arsonist: Authorities believe thatÛ_ http://t.co/bzCmzM7bi5 | http://t.co/LBQldyKgdp,NO
597,Owner of Chicago-Area Gay Bar Admits to Arson Scheme: Frank Elliott pleaded guilty to hiring an arsonist to to... http://t.co/L82mrYxfNK,NO
601,@local_arsonist @Cloudy_goldrush Man what ???? they be on some other shit,NO
602,mo the way she says 'carry' https://t.co/vQzRUTHRNU,NO
605,Arsonist Sets NYC Vegetarian Restaurant on Fire: Police #NewYork - http://t.co/agn4cL4uSK,YES
610,Arsonist torches a house himself and his getaway vehicle police say - Surrey Leader http://t.co/q0J5lTVD6k @RichardGEarl,NO
616,@Safyuan i already threw away the letter tho,NO
618,Hotel arsonist who caused å£70000 damage was Û÷crying for helpÛª: An arsonist has been jailed after a court hear... http://t.co/HNGDdBhewa,YES
620,suspected serial arsonist in east bay under arrest @christinKPIX5 @NightBeatTV 10pm @KBCWtv @VeronicaDLCruz,NO
626,ARSONIST Mc - CHRIST WALK http://t.co/D8LQHiGjT0 #Toronto #Columbus #Gospel,NO
627,@Gay4BB bitch dont get slapped,NO
629,@trap_vodka my new fave vine,NO
632,Suspected serial arsonist arrested in NorCal http://t.co/Dty4t75CGu http://t.co/MjxbygejyL,YES
634,Surveillance Video Captures Man Removing American Flag From Long Beach Home ... - KTLA http://t.co/g0o9wiAgHu,NO
639,Serial arsonist gets no bail not jail release http://t.co/rozs6aumsS,NO
645,Arson suspect linked to 30 fires caught in Northern California https://t.co/emsXyWp5s5,YES
647,Delhi government to provide free treatment to acid attack victims in private hospitals #AAPatWork http://t.co/xjtp8SBpt3,YES
648,I'm going into a panic attack,NO
650,End the Innovation Catch-22: Reduce the Attack Surface http://t.co/Gj4SSEhk1D #INDUSTRYINSIGHTS #mcgsecure,YES
663,@RealTwanBrown Yesterday I Had A Heat Attack ???? And What's Funny Our Relationship ??? Or Our Snapchat,NO
666,TexasÛªs Gratuitously Cruel Attack On A Dying GayåÊMan http://t.co/retdjqyCuB,NO
668,Cooper the Super Pooper. The hero dog who saved me from drowning and detected my heart attack before I knew it. TheÛ_ http://t.co/hzzADcnhFF,NO
670,Double ebony attack http://t.co/33V0RLlrKf #Black-haired #Blowjob http://t.co/t7TG3nRBje,NO
673,Suspect in latest US theatre attack had psychological issues http://t.co/TvsvjuAVif http://t.co/npovfR4rGo,YES
676,#People #Tilly the #Confused Cat Overcomes Horrible Attack to Win Hearts http://t.co/QtrsYxFzo3,YES
678,To love you love you love you ...  Massive Attack - Angel (HD) https://t.co/9TW34Gffox vÌ_a @YouTube,NO
692,@Sunnyclaribel. how many of @DPJHodges articles just attack labour or defend conservatives? see for yourself: http://t.co/shAAIjO2ZC,YES
693,RT: @rt_com :Tory attack on Freedom of Information is Û÷assault on govt accountabilityÛª ÛÒ Liberty http://t.co/UNmTOnz5c5 http://t.co/GTSbvveF,YES
694,It's weird I had a near panic attack &amp; wanted to write herÛ_ walked into the bathroom at work and nearly cried. Dreadfully miss her.,NO
695,#porn #nsfw: Blacks attack for white married slut http://t.co/zRngKh5d8H,YES
696,Cop injured in gunfight as militants attack Udhampur police post: Suspected militants attacked a police post i... http://t.co/ERW7FdxnCr,YES
698,Newcastle: Schoolgirl attacked in Seaton Delaval park by 'pack of animals' led by a former friend http://t.co/4xbrVNib9T #newcastle,YES
701,Aus need career best of @davidwarner31 along with Steve smith to even try competing.. SURA virus has attacked team Australia brutally,NO
703,Christian Attacked by Muslims at the Temple Mount after Waving Israeli Flag via Pamela Geller - ... http://t.co/ajMtU7EHy2,YES
707,Christian Attacked by Muslims at the Temple Mount after Waving Israeli Flag via Pamela Geller - ... http://t.co/OGoyzOlJk5,YES
708,Tennessee man killed by police attacked family with hatchet: 911åÊcall http://t.co/pWiw9q30DT,YES
711,Christian Attacked by Muslims at the Temple Mount after Waving Israeli Flag via Pamela Geller - ... http://t.co/RICbduIACc,YES
715,Christian Attacked by Muslims at the Temple Mount after Waving Israeli Flag via Pamela Geller - ... http://t.co/zb8vVBiSY4,YES
718,I attacked Robot-lvl 1 and I've earned a total of 16000 free satoshis! http://t.co/2PZcXSkNCg #robotcoingame #Bitcoin #FreeBitcoin,NO
722,"That 'attitude problem' is a result of constantly being belittled bashed attacked &amp; demoralized. 
FUCK YOU @HOT97",NO
723,I must've forgot the memo where getting attacked by a resident and receiving a concussion was funny,NO
733,Christian Attacked by Muslims at the Temple Mount after Waving Israeli Flag via Pamela Geller - ... http://t.co/PuVOZi3Pa3,YES
741,@LogitechG BUT THEN THE FIRE NATION ATTACKED....,NO
742,Christian Attacked by Muslims at the Temple Mount after Waving Israeli Flag via Pamela Geller - ... http://t.co/7kxGS7VDFy,YES
743,Metro Nashville Police - simply the best.   Thank you for protecting us.    911 call: http://t.co/ZWIG51QECF via @AOL,NO
747,I was having such a peaceful happy Twitter experience ...then *AVALANCHE OF IDIOCY*!!!!!! https://t.co/iIR1v39THE,NO
749,Car Receiving tube Installation for Avalanche Sound Output HHw,NO
750,if this fucking is true i will be decapitated and throw my head into a avalanche  https://t.co/4cw6Nmmw1O,NO
756,'One glance and the avalanche drops. One look and my heartbeat stops.' Oh WALK THE MOON how you get me.. I couldn't have said it better.,NO
757,Photo: #Repost @gregskazphotography with @repostapp. åáåáåá @rainierarms Avalanche Ambi Charging Handle... http://t.co/t3dK3OoV7e,NO
760,@cierranb5678 I was just there and my dad told me he would never let me get an Avalanche,NO
764,As you can imagine I had plenty to talk about with a maths teacher from Liverpool of a similar age into music !,NO
765,http://t.co/p5PnsRPH5G -RARE VINTAGE COLLECTABLE WINDRIVER AVALANCHE EDT 60ML SPRAY FOR MEN#Deals_UK http://t.co/wkZIYnyyrY,NO
766,PLUS PERFORMANCE CHIP FUEL SAVER CHEVY SILVERADO/AVALANCHE/BLAZER/TAHOE http://t.co/eocKbeOGm0 http://t.co/cvjCidgEZ7,NO
768,Dorion: Sens looking for consistency from Hoffman #ColoradoAvalanche #Avalanche http://t.co/msK68XoY7T http://t.co/ykWKx0QKtX,NO
769,@Avalanche need anyone to carry your bag? ??,NO
771,Musician Kalle Mattson Recreates 34 Classic Album Covers in Clever Music Video for 'Avalanche' http://t.co/97eWeUWybf,NO
772,2 TIX 10/3 Frozen Fury XVII: Los Angeles Kings v Avalanche 216 Row:L MGM Grand http://t.co/qyCwho8guN,NO
776,FC Maid Agency presents Musician Kalle Mattson Recreates 34 Classic Album Covers in Clever Music Video for... http://t.co/BObrp2qwCb,NO
778,02 03 04 05 AVALANCHE 1500 REAR AXLE ASSEMBLY 2055271 http://t.co/VxZhZsAlra http://t.co/HmXWRkbLS0,NO
780,Senators have another year to determine Hoffman's v... #ColoradoAvs #NHLAvalanche http://t.co/CIzZOc6f0D http://t.co/PEmYHD3Nfz,NO
785,@Mano_twits @Kolaveriboy avast an avalanche of andals,NO
789,Colorado Avalanche @ Anaheim Ducks 1-7 tickets 10/1 preseason http://t.co/XRU1WowZYG,NO
792,@90sAngelicMalik listen to wtm avalanche and take a deep breath,NO
793,Now there's an avalanche... These men are lunatics #livingontheedge,NO
811,#environment Lone Pine trees growing across the country in remembrance of battle at Gallipoli 100 years ago: T... http://t.co/GJCAAnfCYk,YES
813,@JackiSheaffer I have the same battle!,NO
816,@exoticengram @TheRasputin That Raspy is so cool and he has already figured out TTK's battle shit.,NO
821,I liked a @YouTube video from @sharpino1990 http://t.co/LU7dgOwtyl PokÌ©mon Omega Ruby and Alpha Sapphire Wi-Fi Battle #05 cjs064 vs,NO
824,After a long battle @Spurs Matt Bonner took care of Brian Scalabrine in knockout this after... (Vine by @NBA) https://t.co/Q3mGYRDHSF,NO
825,I liked a @YouTube video from @screwattack http://t.co/W5dLLV48cs Knuckles punches into DEATH BATTLE!,NO
827,"#LonePine remembered around Australia as 'descendants' grow via @666canberra #Gallipoli #WW1
http://t.co/bwadX8ywqN http://t.co/UPFjy88KvI",NO
830,FedEx no longer to transport bioterror germs in wake of anthrax lab mishaps #breakingnews,NO
831,FedEx no longer to transport bioterror germs in wake of anthrax lab mishaps http://t.co/kA0syAhqVW via @usatoday,YES
839,FedEx no longer to transport bioterror germs in wake of anthrax lab mishaps http://t.co/1CsEBhPLfh via @usatoday,YES
844,Unsurprising/still dismaying consequences of how we went about securing pathogen access: http://t.co/D8EFmGyR2d,NO
847,"FedEx no longer to transport bioterror germs in wake of anthrax lab mishaps

http://t.co/SjNKpJ8lEe

#watchcbs19 http://t.co/JiRXfok46c",NO
850,Latest fallout from biolab safety lapses: FedEx no longer will transport anthrax &amp; select agent research specimens http://t.co/4iOOyIbxyo,YES
854,#FedEx no longer to transport #bioterror germs in wake of #anthrax lab mishaps http://t.co/Ziw1RWPJkK,NO
855,FedEx stops shipping potential bioterror pathogens: FedEx Corp. (NYSE: FDX) will no longer deliver packages thatÛ_ http://t.co/CRD6tgIZhG,YES
858,Citizens Education Project has acted for years as a watchdog on the Dugway Proving Grounds. http://t.co/NZHXYapLm0,NO
861,FedEx no longer to transport bioterror germs in wake of anthrax lab mishaps http://t.co/L04Q4DKvue http://t.co/z5voujEus4,YES
862,FedEx no longer will transport bioterror germs http://t.co/9lam19N5i5 via @USATODAY,NO
865,In offbeat news @fedex has stopped shipping bioterror pathogens http://t.co/gvXXidHOlF,YES
869,FedEx no longer to transport bioterror germs in wake of anthrax lab mishaps http://t.co/RghHkWtKLR #newsdict #news  #FedEx,YES
879,Bioterrorism and Ebola. http://t.co/ORIOVftLK4 RT #STOPIslam #TCOT #CCOT #MakeDCListen #TeaParty,NO
880,The largest bioterrorism attack on U.S. soil involved tacos @atlasobscura http://t.co/1n9CRhWmgl,YES
887,Is it time to hedge against catastrophic risks such as climate change asteroid impacts or bioterrorism? https://t.co/HQ6WqsgSJX,NO
889,@USCOURT If 90BLKs&amp;8WHTs colluded 2 take WHT F @USAgov AUTH Hostage&amp;2 make her look BLK w/Bioterrorism&amp;use her lgl/org IDis ID still hers?,YES
897,Bioterrorism : Guidelines for Medical and Public Health Management (2002) http://t.co/zkUXHnoBaG http://t.co/FHgkYxffu5,NO
900,@bbcworld Bioterrorism drones can reach large populated erea.,NO
901,@BishoyRagheb fair. Bioterrorism is the way to go. Does that mean my BSc isn't irrelevant?,NO
904,@DebtAssassin They forget there is the threat of bioterrorism.,NO
908,HST's Anthony Kimery Discusses #BioTerrorism on @Syfy Channel's 'Joe Rogan Questions Everything' #Pathogen #Virus http://t.co/0FDsc3f2IW,NO
909,Anthony Kimery Discusses #BioTerrorism on SyFy Channel's 'Joe Rogan Questions Everything' http://t.co/zckJWAcRCs,NO
910,@HarvardU If 90BLKs&amp;8WHTs colluded 2 take WHT F @USAgov AUTH Hostage&amp;2 make her look BLK w/Bioterrorism&amp;use her lgl/org IDis ID still hers?,YES
913,Uganda Seen as a Front Line in the Bioterrorism Fight,NO
914,Ppl living w/ HIV have been charged with aggravated assault and bioterrorism for things w/ low or no risk of transmission. #HIVIsNotaCrime,NO
917,Studying anthrax and bioterrorism before 7 am ?? #carpediem,NO
918,@GACourts If 90BLKs&amp;8WHTs colluded 2 take WHT F @USAgov AUTH Hostage&amp;2 make her look BLK w/Bioterrorism&amp;use her lgl/org IDis ID still hers?,YES
920,Bioterrorism: Guidelines for Medical and Public Health Management Donald A. Hen http://t.co/tDg0Bsmd6c http://t.co/iirWFZMKHO,NO
922,To fight bioterrorism sir.,YES
924,To fight bioterrorism sir.,YES
925,@prsnvns that's good to hear. Mine could be better but I can manage. It's alright you do what you have to. Bioterrorism doesn't wait.,NO
927,@mariashriver Was '@FultonInfo'Court trip 2 keep strangers-BLK&amp;WHT-from us'g my @SSAPress ID or 2 forfeit 2 them due 2 Bioterrorism look?@AP,NO
933,@_AfroJazz I'll add you (i dont even know what you talking about),NO
937,I never got paid to give a fuck..we might as well blaze another one,NO
943,@JuneSnowpaw Yeah Gimme dat creamy white stuff ;3,NO
949,Your reaction determines that,NO
950,Port Coquitlam fire crews say an electric towel warmer started the four alarm blaze last week that destroyed several businesses.,NO
954,I liked a @YouTube video from @ashens http://t.co/yC9tywuzQm Blaze / Atgames Handheld Mega Drives | Ashens,NO
966,Craving slurpees ;-;,NO
967,Omg i need to go like yesterday ???? https://t.co/3oP6G7ovzO,NO
969,@OVOIzic @BaddieMoneySign blaze it,NO
970,Lithgow News: Homeless after blaze near Portland http://t.co/Cht5w3znIK,YES
973,"@Blizzard_draco I saw

let's eat blaze @BlazinSmasher",NO
975,My big buzzy John BlaZe. Jus Kame home from a 12 year bid. #LoveThyFamily https://t.co/xrEuoNzzbi,NO
980,Just cruisingblazing and banging ?,NO
988,the bitches say im hot i say no bitch im blazing,NO
989,@BryanVsBracey @uSTADIUM why do you need blazing speed? I think Watt is far more impressive that OBJ who is just another quick little guy,NO
995,I checked in at Blazing Horse Tattoo on #Yelp http://t.co/z8nXWmYMWA,YES
1000,"The midnight song I cry out goes 'In reality I... in reality I... was very lonely'
Even if it is erased by the blazing sun",NO
1003,Le Ever Blazing,NO
1007,All packed and ready to go to meet @kkarmstrongg in Portugal tomorrow! Bring on blazing sunshine and fun times with the bestie! ??????,NO
1011,"S3XLEAK!!!
Ph0tos of 19yrs old Ash@wo lady in Festac town from Delta exp0sed on BBM 5 leaked pictures... http://t.co/lUm4l65alz",NO
1012,Enjoying the shade under this tree. The sun is blazing but there is a cool breeze. @ West Hollywood Park https://t.co/2wzHj0lNa6,NO
1013,HAPPENING NOW - FDNY RESCUE 1 BLAZING THRU@AND BLASTING THE AIR HORNÛ_ https://t.co/bX6cwRt8M7,NO
1014,Night 3 of insomnia this whole stop blazing shit is real,NO
1016,Satelite Shot: Series of wildfires in Northern California continue blazing: There are at least five fire compl... http://t.co/BmGuHqY7W4,YES
1019,#website #hosting Get blazing speeds professional management and unlimited options @nyndesigns http://t.co/d1F7wi7FMr,NO
1025,"Come and join us Tomorrow!
August 7 2015 at Transcend:Blazing the Trail to the Diversified World of Marketing... http://t.co/Fd5od5PfCF",NO
1027,"S3XLEAK!!!
Ph0tos of 19yrs old Ash@wo lady in Festac town from Delta exp0sed on BBM 5 leaked pictures... http://t.co/2WUpSDttVi",NO
1028,@BlazingRoselia California is hot but not blazing even though there are wildfires going on now. Even the big massive Rocky fire,NO
1030,Do people not understand they cant bleeding tweet everyone all the timedoes me head in 'stop ignoring me' they are hardly ignoring you+,NO
1033,#Nepal: This house near TIA bleeding intÛªl airline companies dry. | http://t.co/lI8wi1kuMY,NO
1034,@Battlehork I wish I could watch but the gif the LU account posted of Mundo bleeding... Jesus! D:,NO
1039,did leona lewis ever see that video of dinah singing bleeding love?,NO
1046,@TomBrevoort 'Bleeding Cool as read by Tom Brevoort. Though he may just look at the pictures.',NO
1047,You cut me open and I keep bleeding. #BleedingLove #LeonaLewis #acapella #singer #canadiansingerÛ_ https://t.co/51pfEIlPNK,NO
1053,*Ears bleeding from the bass* https://t.co/d5RrrwHjpN,NO
1055,@KrisZellner But Triplemania has the promise of Villano bleeding and Del Rio whooping that Trick Myztiziziziziz.,NO
1056,Looks like Reynolds and Montano coming in. Need to stop the bleeding. Not the best performance so far.,NO
1059,@imKanoMate [the stabbing did not really affect her but she did get stab wounds and was bleeding Skarlet then pushed him backwards +,NO
1060,Yeah I hate cats I just tried to pet our own cat and now my hand has bite marks scratch marks and it's bleeding. #DogsAreBetterThanCats,NO
1063,@Aichmomanic wraps a cloth on my wound but it's still bleeding 'I'll be ok.' Falls to the ground as if I'm going to die,NO
1064,my ears are bleeding  https://t.co/EeVQj37Ndg,NO
1068,@dudeandpal it's so bad my eyes and ears are bleeding,NO
1076,wouldn't want me to quit even if I was bleeding,NO
1086,@idkimnotfunny this quickly blew up and my mom doesn't get why it's so popular,NO
1087,LMFAO MY SNAP JUST BLEW UP!,NO
1089,Just blew you up @abbss_13 just so I can get that follow back ????,NO
1092,@atlwtmgc damn this blew up,NO
1095,Wow social media really blew up after the shania twain concert,NO
1096,@cieIstea IDK BUT IT BLEW UP,NO
1097,* I'm always one phone call away but too many people done blew up they chances with me.,NO
1100,well this tweet blew up fast,NO
1101,Well this blew up while i was sleeping,NO
1107,@funnychubbyguy poor white guy his mom made him pizza and he wanted mac n cheese so he blew up a school. Such a sad story.,NO
1108,Wow bro blew up quick. Believe it or not he's this funny and clever in person at all times. You be like 'where... http://t.co/djIHN95YnB,NO
1111,@TokyoDotCom I didn't either till it blew up my mentions lol,NO
1115,We were fucking around on Google maps at work and I pulled up Boise and it blew their minds. Yeah Idaho isn't what you think at all.?,NO
1116,That stadium blew up!!,NO
1121,The balloon thing was so rude I would have popped the balloon than whoever blew it up's face,NO
1125,@TheFieryGrave yeah true because if he wouldn't have got exposed then he probably wouldn't have went to mlg and blew up there,NO
1127,The only reason why player's now have an ego is cause MW3 had cod champs that's when eSports Blew up and now player's strictly look for ORGs,NO
1131,THDA Kicks Off Anti-Blight Loan Effort in Memphis http://t.co/7Gf7CpYL0R,NO
1133,.@WestmdCountyPA land bank targets first #Latrobe building in 20th property acquisition to fight #blight: http://t.co/regDv873Aj,YES
1135,Lots of talk of how susceptible NY2 is to shoot blight with or without trama. #WCFGT2015,NO
1137,Help fight Northern Corn Leaf Blight with Headline Amp https://t.co/LVoqPgkLI7,NO
1140,@colemcfadyean fuck off cole ??????,NO
1144,"Imagine if 2 Old Gods were awakened to start a Blight 2.0
@BioMarkDarrah @Mike_Laidlaw",NO
1147,Stamford tightens blight law: A dilapitated barn sits half-erect on Hickory Road near the int... http://t.co/QP65iO4AvC #stamford #topix,NO
1148,Cleveland Heights Shaker Heights fight blight - http://t.co/qRnyme33TC via @clevelanddotcom,NO
1150,Keep up the great work Councilman Brian O'Neill http://t.co/ueS3IhSyIq,NO
1158,2:20 BLIGHT ?? EVERY DAY,NO
1159,"@Michelgrabowy @vegetablefarmer INTERNET LOSER: I like to leave snide remarks.
ME: This person is a blight upon the face of the earth",NO
1161,ok. but important question: how are the inquisition fighting darkspawn and NO ONE gets the blight in the entire game,NO
1163,Member Post: Norwalk blight ordinance said to be success as properties change hands http://t.co/ZDwmKQEYBn,NO
1165,Time is ripe for yet another banana blight: The banana's appeal is not slipping. But the future of bananas is inÛ_ http://t.co/StPS5mruXW,NO
1169,"This is the Red Eye crossing the ocean
Peeling potatoes with servile devotion...

#BLIGHT!",NO
1171,#Detroit has made progress against blight but too many burned out shells of houses remain.,NO
1172,@justin_fenton Per my Sun piece from last year I think this is the opposite of what should be done: Urban Blight should be monumentalized.,NO
1176,I'm all for renewable energy but re: windfarms I do agree with Abbott - they are a horrible blight on the landscape https://t.co/UjYfRT77eJ,NO
1180,Buying MoP http://t.co/tl7o6Zsqzy,NO
1184,@LoneWolffur *slaps* no,NO
1186,Literally for lunch i had cheese curds and for dinner i had a blizzard pls pray for my health,NO
1187,Oh I see we are now tied?  Sweet!  It's all in the Blizzard,NO
1192,Check out the #new #ebook on #sale by #TimZak 'The Lizard Stuck in a #Blizzard' #rhyming #kidsbook on #Amazon http://t.co/kVZuxdL4ij,NO
1193,Deck building of my 4 year old daughter http://t.co/INnY1ANTam,NO
1194,@EddieTrunk Blizzard of Ozz,NO
1197,GUNNAR Optiks -Heroes of the Storm Siege Gaming Glasses - Onyx/Fire wow blizzard - Full reÛ_ http://t.co/YEUQp0VKwU http://t.co/OuGM0yxQMo,NO
1200,This game drove me to a rolo mini blizzard,NO
1205,That horrible moment when u open up the dryer and it looks like a snowy blizzard cuz u left a piece of paper in your jeans pocket ??,NO
1210,If blizzard did another 12 month sub thing and gave the next wow expo free would probaly knock their sub count up pretty fucking high,NO
1216,the Internet is sending subliminal messages about ice cream therefore I need a blizzard rn,NO
1220,Whoa! This new legend will be fun! http://t.co/hu5CmoupUM,NO
1231,@Louis_Tomlinson if u relate to billie jean then ur gonna also enjoy blood on the dance floor so #BuyBloodOnTheDanceFloorOniTunes,NO
1233,xoxoxxxooo : rutinaofficial NBCHannibal When #Hannibal asks will 'Have you seen blood in tÛ_ http://t.co/T7ldlcyC9g http://t.co/JLRw0Oi9ee,NO
1246,BRING ME THE HORIZON BLOOD STAINED GIANT ART PRINT PANEL POSTER NOR0603 http://t.co/u5ELKCA4CW http://t.co/tsGKlZZS0C,NO
1247,I ain't a crip or a blood....I'm doin my own thing,NO
1248,Bitch I'm a monster no good blood sucker,NO
1255,/criess blood/ Golden Wook is life. http://t.co/Fhb99ciCeT,NO
1256,'blood makes you related but loyalty makes you family' - @SirBeezAlot,NO
1257,@youngthug Remind Me of Blood Sosa From Belly.....do your homework.,NO
1258,The Yankees are the reason I'm on blood pressure medicine,NO
1260,Why can't gay men donate blood? http://t.co/v2Etl8P9eQ http://t.co/NLnyzeljbw,NO
1261,My new mashup of 'Bad Blood x Where Are U Now' comes out tomorrow!!! Make sure t... (Vine by @Shaylen_Carroll) https://t.co/zB6GZJLgkl,NO
1265,1860 BLOOD'S PENNY POST Philly OCTAGONAL CDS 1Ìâå¢ Black 15L18 Grid Cancel + #26! http://t.co/rpV4MQSCQA http://t.co/JrjEiBUGsE,NO
1266,seeing more blood and surgery than a regular GP behind a desk and they say dentists aren't  real doctors .... Ok,NO
1268,Sometimes blood ain't no thicker than water and sometimes family will bring you down quicker than strangers ???????,NO
1274,"Name: Chizu
Gender: Male
Age: 10
Hair: Red
Eyes: Pink
Dere Type: Pasokon
Blood Type: Type O
http://t.co/cOyPF9ACTd",YES
1281,The whole of New Zealand is shouting 'Bloody Marvellous'! John Campbell to join Radio NZ http://t.co/F88fCLiVzH #radionz,NO
1285,Whats the bloody use of the bus app if everything has no prediction? No one driving bus today? http://t.co/zvGrM5PGZa,YES
1286,@ashwilliams1 continues to be the best guest on @iLoveGGLetters. This week's episode is bloody outrageous.,NO
1291,Too bloody hot in my room,NO
1292,Im so bloody excited to see Maisy and Martha,NO
1295,@JeremyClarkson buy a new one bloody ell,NO
1299,@tomm3h You've been on Twitter since 2008?! Bloody hell. Veteran!,NO
1306,Awful refereeing has ruined the balance of the game. Guy is a bloody mess #IMFC,NO
1310,Just because of his 'precious lunch' ??? Bloody hell no brain issit??  https://t.co/X5dwKElReo,NO
1311,I swear my eyes be bloody red but bitch I feel amazing.,NO
1313,@ShtBallPlayrsDo are you anyway running your mouth about this bloody game? Pree sure you're not bigger then baseball. Calm the hell down,NO
1314,Bloody nurses waking me up just when I eventually fall asleep lol #Hospital,NO
1322,@halfpeachh @CaitlinCavanah I can't deal right now OMG WHO REMEMBERS BLOODY MARY? ????,NO
1323,Û÷A Nightmare On Elm StreetÛª Is Getting RemadeÛ_ Again http://t.co/qaYGdzI9jQ via @bdisgusting,NO
1325,BLOODY HELL TEEN WOLF *O* Hayden and Liam are so cute :3 And I think Stiles's Jeep is dead huh ? Pleeease... I loved her ! @MTVteenwolf,NO
1329,Luckily I'm up cause if these Mexicans had came to cut this grass this early and I was sleep. I woulda had a full blown attitude,NO
1330,If you bored as shit don't nobody fuck wit you... But when you busy yo shit get blown up! Smh,NO
1333,"Yes they know you're an adultress.
And yes they HAVE #Killary emails.

Like the smoke being blown up ur azz?

#NSA

http://t.co/pNheTk8a0f",NO
1336,@SassyNreal Agreed. Whole thing has blown up in their faces right wrong or indifferent. The public is relentless court of public opinion,NO
1339,I don't understand how White Iverson by Post Malone hasn't blown the fuck *UP* already.,NO
1342,@KaylaG_Baby1 @jaykpurdy  no shush. I'm getting it blown up poster size. ??,NO
1344,My license picture blown up is absolutely terrifying. http://t.co/0NVdzxQ2HF,NO
1355,Deadly suicide bombing hits mosque in Saudi Arabia: A suicide bomber has blown himself up at a mosque in the s... http://t.co/RkvU3xjAzH,YES
1357,My phone is being blown up rn ??,NO
1358,@DodgersNation he was due to get blown up at least this is still a winnable game.,NO
1359,Lock up your last remaining shred of manhood and accept that youÛªre a full blown sissy http://t.co/ZN17ic99hb #feÛ_ http://t.co/u42luY3slS,NO
1364,Get blown up with a delicious flavor of #BlowVape a strawberry cherry pop! Try it today for $15Û_ https://t.co/iT8rDItjFV,NO
1366,We are now up to run no. 24 in the singles. The rain has blown off again.,NO
1367,Damn! @LastWitchHunter has blown up my Twitter feed. Looks amazing!,NO
1370,@MalikChaimaa I hope Zayn gets blown up in a drone attack whilst visiting family in Pakistan ??,NO
1373,Coldwood is blown away by your support - they even hung up some of your art! http://t.co/uQWlnbJEYE http://t.co/MToWVqkSXC,NO
1377,@bmrow At first thought it was a blown-up DVD as I'm pretty sure POST MORTEM had been years back.,NO
1386,New Ladies Shoulder Tote Handbag Faux Leather Hobo Purse Cross Body Bag Womens - Full readÛ_ http://t.co/Rpn6pXLPiB http://t.co/l6aYlVVDZ0,NO
1387,Cute Soft Washed Fabric Camouflage Outdoor Shoulder Cross-body Bag Pack Purple Camouflage http://t.co/bxVFQqsIhC,NO
1392,Cross Body Bag Purse Zippers Shoulder Bag Camouflage Camo  Phone Case Camera Case Wallet #wallet #wallets http://t.co/cq6XYhR3LV,NO
1397,Louis Vuitton Monogram Sophie Limited Edition Clutch Cross body Bag - Full read by eBay http://t.co/YC2FYXiKBA http://t.co/Pv8wRAvNZQ,NO
1398,"#3682 Nikon D50 6.1 MP Digital SLR Camera Body 2 batteries carry bag and charger http://t.co/TeT9q0kXvl

$200.00
Û_ http://t.co/h3XgoxTFfi",NO
1400,AUTH LOUIS VUITTON BROWN SAUMUR 35 CROSS BODY SHOULDER BAG MONOGRAM 7.23 419-3 - Full readÛ_ http://t.co/8AzzJKBxnm http://t.co/xNgHnEtdvv,NO
1403,Dracula Vampire Cross Body Small Shoulder Bag http://t.co/XPHTe7sb4X,NO
1404,http://t.co/3d2h2wOQwa NEW! DIESEL WILLYT Printed Front Cross Body Shoulder Bag - One Size * /KSL 126,NO
1410,New Ladies Shoulder Tote Handbag Women Cross Body Bag Faux Leather Fashion Purse - Full reÛ_ http://t.co/cRQVl68aoX http://t.co/OFLvMMbfMk,NO
1413,"#7294 Nikon D50 6.1 MP Digital SLR Camera Body 2 batteries carry bag and charger http://t.co/SL7PHqSGKV

$200.00
Û_ http://t.co/T4Qh2OM8Op",NO
1416,Û¼? New Ladies Shoulder Tote #Handbag Faux Leather Hobo Purse Cross Body Bag #Womens http://t.co/zujwUiomb3 http://t.co/sdvNAKZek4,NO
1417,I would love to #win Suze's amazing filled #beauty #bag #giveaway! Contents from L'Occitane Body Shop &amp; Lavera. http://t.co/hEjJVVRsTY,NO
1423,Pl. Parenthood Employee Laughs About Aborted Baby Body Parts 'All Mixed Up Together in a Bag' http://t.co/AIdGzPqfLL,NO
1424,?? New Ladies Shoulder Tote #Handbag Faux Leather Hobo Purse Cross Body Bag #Womens http://t.co/zujwUiomb3 http://t.co/eDHjUjIuoB,NO
1426,Photo: bonesymcbones: Beartooth - Body Bag (x) http://t.co/kNH4HLFuMa,NO
1427,Two-Tone Cross-Body Smartphone Bag Only $15 Shipped! via Dian's Daily Deals - ** Two-Tone ... http://t.co/91LaZl2crV,NO
1428,genuine Leather man Bag Messenger fit iPad mini 4 tablet case cross body air jp - Full reaÛ_ http://t.co/Vl26HSrq4E http://t.co/ryl0Y88fKM,NO
1430,@MeekMill I think its time you consulted @kendricklamar cause @Drake done body bagging you,NO
1434,People are bagging on Rousey's body? Shit I'd love to have a body like that. Those who are ridiculing her are probably dudes in skinny jeans,NO
1435,Bagging the last spot on Body Attack ?????? #getin #traintuesday #lesmills,NO
1437,' Dear Lord Forgive Me For Body Bagging @MeekMill Not Once But Twice. Amen ' - @Drake http://t.co/dPBz1PYvFF,NO
1438,@cameron13131313 @OtooleDalton @averywelch23 @otoole1055 first of all you can't 'hit stick' shit.. Second I'm body bagging you on sight ??????,NO
1442,Drake is really body bagging meek atm,NO
1446,I remember the halo interview with ABC. Wasn't no time and The Pamanian Devil was body bagging fools. https://t.co/CpK7300RQg,NO
1451,Jersey's artist Wolfgangjoc pays homage to the late great Biggie Smalls by body bagging  his hypnotize beat.... http://t.co/x0jKnOxJHA,NO
1457,Not only did Drake kill Meek Mill but he started T bagging his his dead body ????????????,NO
1461,This man @zvch4 about to start body bagging these local jokal photographers,NO
1462,Body bagging! https://t.co/HSlenz4KGU,NO
1465,Drake is body bagging meek,NO
1468,Body bagging that I think it's time to bring bags out,NO
1469,We need to stop paying attention to @drizzy body bagging @Meekmill and worry bout what happen to #SandraBland,NO
1471,I hear my up north niggas body bagging this but you never know. That got some spitters down south andÛ_ https://t.co/XToioGtk2w,NO
1476,Eish even drake killing niggas eish game is really watered down a singing nigga body bagging rappers.. smh,NO
1478,@ESM_Campy and he used werewolf on me also idiota I was tea bagging your body for like 7 minutes while he was fighting someone else,NO
1481,'Body Bags' (1993) Movie Review!: http://t.co/E1tdatSUcC via @YouTube,NO
1489,@LennGoneWin nah man we need to be defenseless from thugs so when the cops get there we can get put in cool new body bags!,NO
1490,@ComplexMag he asking for a body bags @PUSHA_T,NO
1492,RT Hamosh84: This how the #Saudi is coming home from #Yemen in body bags. For what? #Saudi Kingdom ego? You're looÛ_ http://t.co/LJlKWGXgjY,NO
1496,Hot Ladies Handbag Leather Shoulder Tote Satchel messenger Cross Body Bags Green http://t.co/c7XBjRhNbi #Handbags http://t.co/1dmoLajv1Z,NO
1512,"Fairfax Co. investigating firefighter Khalil Abdul-Rasheed for Facebook post saying police shld be put in body bags

http://t.co/VpvskCIyro",NO
1516,Our mistakes come back in body bags: Leading in the VUCA world - How the Armed Forces do it | RAGHU https://t.co/vJFSlizmiI,NO
1517,Womens Stylish Metal Chain Pearls Solid Hanbags Shoulder Cross Body Bags Golden http://t.co/oR0JZb9cFh http://t.co/6byul0ID4l,NO
1528,Womens Flower Printed Shoulder Handbags Cross Body Metal Chain Satchel Bags Pink http://t.co/vBZqWzNxH7 http://t.co/NXIhHeP1Ea,NO
1529,One of the top RT-ed tweets in #Japan is a screenshot of a young person claiming to not know the 70th anniversary of the Hiroshima bomb,YES
1536,Hiroshima marks 70 years since bomb: The Japanese city of Hiroshima marks the 70th anniversary of the dropping... http://t.co/INRGS4z0AC,YES
1539,@joanna_bomb @eventchase @MTV @MTVNews last year they won ATW and now they're multi platinum artists #WeNeedA5HVMAPerformance ????????????,NO
1541,@peytonlaynec ohhh coming of age. I had a bomb teacher and we never did anything. For our final we went to salt grass and he bought us food,NO
1542,My bestfriends are the bomb. ??,NO
1548,RIP RT @AJENews: On Aug. 6 1945 at 8:16 AM Tokyo time the worldÛªs 1st atom bomb on Hiroshima http://t.co/6Q5CS9MCdW http://t.co/7OGFoQr0MG,YES
1550,@joshrogin @slwsew379 @jimsciutto @NatSecCNN As suspected. Kerry and Barry got taken for a ride. Iran was making a bomb while talks went on.,NO
1551,@jonathanshainin I think the bomb raises all sorts of great questions but this isn't one of them,NO
1552,Why American censors supressed accounts of suffering in Nagasaki http://t.co/kZbeas50KE http://t.co/YQgpaSX3MG,NO
1557,What if your hometown were hit by the Hiroshima atomic bomb? http://t.co/XuWN4McgYp #safemode,YES
1563,@johncusack text: We Dropped The A-Bomb (1946)https://t.co/boJCX32qcZ Û_,NO
1564,Bruh this sex on the beach??is bomb as fuck yo,NO
1565,Hansel and Gretel: The Witch Hunters.... Bomb ass movie. Yeh I kno Im late,NO
1566,&lt;Kyodonews&gt; UPDATE1: Hiroshima marks 70th A-bomb anniv. amid fears of eroded pacifism http://t.co/VpGu8z1Lhb #followme #japan,YES
1571,@MattieLBreaux u the bomb ????????????????,NO
1578,My aunt just gave me this drink at the game and it's bomb???? I'll never tell what in it though shhhh??????? http://t.co/vsFS7zr1gI,NO
1581,ÛÏTell Shinichi Kudo that IÛªm giving him 3 minutes to enjoy it..Û -Moriya Teiji famous architect from The Time Bombed Skyscraper,NO
1583,Photo bombed by a princess http://t.co/i4PthsuYQ9,NO
1584,When you get a call back from the interview you thought you bombed &gt;&gt;&gt;,NO
1586,At this hour 70 yrs ago one of the greatest acts of mass murder in world history occurred when #Hiroshima was bombed. http://t.co/2QJl5MfKzv,YES
1589,70 years ago nowish America bombed #Hiroshima. Was it justified? All I can say is #noMOREHiroshimas #VJDay70 #FEPOW http://t.co/SYADSa6QeS,YES
1592,#Hiroshima does not look like a bombed city. It looks as if a monster steamroller had passed over it and squashed it out of existence.,NO
1598,6th July 1945 ...Hiroshima was bombed with nuclear weapon _bomb was named little boy&amp;carried in a plane called Enola Gay ...1/2,YES
1606,@allenpeacock the deal is clear.Iran either agrees to the deal and abandons it program or gets bombed.it's a deal the right wing should love,NO
1612,Picture of cute sleeping puppy photo bombed by the demon in the back. https://t.co/LprYzSTK4u,NO
1616,@davej798 @JohnEJefferson remind me when SomaliaEritrea &amp; Nigeria were bombed by UK 28% of asylum applicants to UK 2014 were from S &amp; E,NO
1620,#SitCTips if you do vlog you WILL get video-bombed.,NO
1624,I BOMBED THE FAKE BOLT CHAT AND EVERYONE THOUGHT BOLT ENDED LMFAO,NO
1629,Bombing of Hiroshima 1945. http://t.co/4UHq9jKCvq,YES
1630,We dont really talk about the murder of the bombing campaigns in WWII because we won but murder it is. https://t.co/jsGwnY6kdJ,NO
1635,#Hiroshima marks 70th anniversary of atomic bombing ( via NHK WORLD News) http://t.co/qGWoyNJLY8,YES
1640,Japan to mark 70th anniversary of Hiroshima atomic bombing http://t.co/RUQPVtdBzT,YES
1641,Just Happened in Asia: Japan marks 70th anniversary of Hiroshima atomic bombing http://t.co/E5dEmdScEh,YES
1642,What it was like to survive the atomic bombing of Hiroshima http://t.co/0cvXS2E1Er,YES
1651,70th Anniversary of Hiroshima bombing https://t.co/juwvomhGPd,YES
1655,Japan marks the 70th anniversary of the atomic bombing of Hiroshima. http://t.co/YmKn1IwPvF http://t.co/mMmJ8Bo9y3,YES
1656,'Japan Marks 70th Anniversary of Hiroshima Atomic Bombing' by THE ASSOCIATED PRESS via NYT http://t.co/kKULqGB9e3,YES
1659,The 'sanitised narrative' of Hiroshima's atomic bombing. #Hiroshima70 #japan http://t.co/zsyj6sqYCn,YES
1664,Japan marks 70th anniversary of Hiroshima atomic bombing: Bells tolled in Hiroshima on Thursday as Japan marke... http://t.co/IqAIRPdIhg,YES
1667,Japan marks 70th anniversary of Hiroshima atomic bombing http://t.co/MLZxmGVuIh,YES
1668,70 yrs since the atomic bombing of Hiroshima... Terrible mass murder...,YES
1674,BREAKING NEWS: Australia collapse to a hapless 60 all out at Trent Bridge http://t.co/O2CFWDzZld,YES
1678,"Project Syndicate: A Marshall Plan for the United States: 
http://t.co/lz8xmyi75x",NO
1680,New: Two giant cranes holding a bridge collapse into nearby homes http://t.co/ACirPv8Hn4,YES
1681,@AkinwunmiAmbode Urgentthere is currently a 3 storey building at church B/stop Oworoshoki Third mainland bridge which likely to collapse,YES
1682,"Throwback Thursday: More Thoughts About Citizen Media During Minneapolis Bridge Collapse Disaster - http://t.co/GudUDAZ4fx 
#TBT",YES
1685,Ashes 2015: AustraliaÛªs collapse at Trent Bridge among worst in history: England bundled out Australia for 60 ... http://t.co/l5ULCx4mOm,NO
1695,Two giant cranes holding a bridge collapse into nearby homes http://t.co/Mqm46H6G8b,YES
1696,"Throwback Thursday: Minneapolis Bridge Collapse &amp; Citizen Journalism - http://t.co/bXV3vlMBBp 
#TBT http://t.co/iBmqVWrVyz",YES
1697,'@berggruenInst: Berggruen Institute member @dambisamoyo on the problems with #US #infrastructure @ProSyn http://t.co/T96O158Yxv',NO
1704,Australia collapse at Trent Bridge how Twitter . On the first morning of the fourth Ashes Test... http://t.co/WAtjhzULa8,YES
1708,Shane Warne and Ricky Ponting shocked by Australia batting collapse at Trent Bridge http://t.co/b5zPfW7Vo0,YES
1711,2 Injured 1 missing in bridge collapse in central Mexico http://t.co/scDa8eVwR6,YES
1713,Australia's Ashes disaster - how the collapse unfolded at Trent Bridge http://t.co/UqEtEeltVU #telegraph,YES
1714,#Sport - Shane Warne and Ricky Ponting shocked by Australia batting collapse at Trent Bridge Australian grea... http://t.co/c41iUMknis,YES
1717,5 injured in bridge collapse at Swiss kosher hotel: The accident occurred on Tuesday at the Metropol Hotel a ... http://t.co/sIGeZlynJ9,YES
1729,a very scary thought is if 9/11 had happened today their would be teenagers taking selfies in front of the burning buildings,YES
1730,THIS SOUNDS LIKE A SONG YOU WOULD HEAR IN A MOVIE WHERE THEY ARE WALKING AWAY FROM BURNING BUILDINGS AND CARS AND SHIT,NO
1732,@CTVKathyLe and in other news: don't run into burning buildings,YES
1734,forestservice : RT dhsscitech: #Firefighters run into burning buildingsÛÓwe work on #tech tÛ_ http://t.co/KybQcSvrZa) http://t.co/Ih49kyMsMp,YES
1736,this is like when folks said ÛÏburning down buildings doesnÛªt workÛÛ_onlyÛ_it did. now cities trying to get information out ASAP to prevent it,NO
1738,Like how are ppl not burning these buildings down knowing why it was originally created?,NO
1742,kou is like [CASH REGISTER] [BUILDINGS BURNING],NO
1743,@chistate33 @thehill What hate crimes? It's the looney libs that are always burning down buildings and vandalzing private property,YES
1746,3 rules for a long life.  #1ÛÒDonÛªt go in burning buildings! #2ÛÒDonÛªt jump out of perfectly good airplanes! #3ÛÒDonÛªt awaken sleeping giants!,NO
1748,Port Coquitlam fire burning several businesses http://t.co/Q5FzYLBvTk,YES
1749,@speechgirlAM On par with caring for the sick helping people move not talking during movies rescuing people from burning buildings...,NO
1751,@TravDave @Kornbread_ICU especially where it happened. Really nothing to tear up. Burning the buildings saves the city money for real,YES
1758,The fire brigade should play this guys music at burning buildings to put the flames out,NO
1764,Two buildings burn in 3-alarm Antioch fire: Two buildings are burning in a 3-alarm fire at the Delta PinesÛ_ http://t.co/GQgF2ygpX2,YES
1765,.@denisleary Not sure how these folks rush into burning buildings but I'm grateful they do. #TrueHeroes,NO
1777,"Jane Kelsey on the FIRE Economy
5th Aug 5:30ÛÒ7:30pm
Old Govt Buildings Wgton
The context &amp; the driver for #TPP and #TRADEinSERVICESAgreement",YES
1778,'Failure doesnÛªt exist. ItÛªs only a change of direction' - Alejandro Jodorowsky (via buildings-on-fire) http://t.co/ByMVemW4xF,YES
1781,I'm security so they want me to help out in case of emergency like the buildings on fire or a shooter's in the building. I'm leaving tho..,YES
1782,@blainescronuts thats what i would do if there were buildings on fire,YES
1783,fucking apartments across the street are on fire right now. 5 fuckin firetrucks wtf. this is the second time those buildings caught on fire,YES
1785,It's a testimony to the human spirit that more of us don't set fire to our office buildings on Sunday night.,YES
1788,"There are multiple buildings on fire In Downtown Hinton OK.
The fire is threatening to level the entire block! #8NN https://t.co/pEVtSf7Cyt",YES
1793,"#DNR
Res. buildings shelled &amp; on fire in #Gorlovka tonight.
Civilian casualties Jan-July 2015:ÛÓ
164 killed (incl. 16 children)
501 wounded",YES
1794,@gilsimmons lightening struck &amp; 2 units in 1 of our buildings in our development on fire. Groton CT. Check out my FB wall most recent post,YES
1795,"#Taiz
#Houthi #Saleh indiscriminate shelling from castle sets Tahreer st buildings on fire
#Yemen http://t.co/qsli2ivIoG",YES
1797,Buildings on fire behind Tisa's in Niceville @tristapnwfdn https://t.co/ACl1baBacR,YES
1800,Two buildings involved in fire on 2nd Street in #Manchester. @WMUR9 #wmur http://t.co/bCEUGsoi2r,YES
1801,"Agricultural Buildings on Fire - Aldwark - NYorks Fire &amp; Rescue Service 

Still grim news but fewer piglets caught up http://t.co/0kjCWG6pN9",YES
1805,Multiple firefighters hospitalized after fighting a fire Manchester NH. #7News http://t.co/X1oYU5Y6bI,YES
1806,"There are multiple buildings on fire In Downtown Hinton OK.
The fire is threatening to level the entire block! #8NN https://t.co/GXDKLhxU22",YES
1819,"My Happy Pensioner Stories
Safe Buildings: watching a report on unsafe cladding catching fire in Melbourne same... http://t.co/cnoxJB8XoQ",YES
1820,Multiple houses/buildings on fire in Kalispell http://t.co/1iyThVshgF,YES
1825,Family heartbroken.Mobile home at Nellis &amp; Cheyenne burned in fire. Kids were all ready to go back 2 school @News3LV http://t.co/VAf1RAiYQb,YES
1828,I burned 3 of my fingers!! http://t.co/Gs2W38CSJn,NO
1829,This is why you should be burned at the stake ! https://t.co/YpezipY2NY,NO
1830,Let me tell you Brandace brought it today at #NTC! Heat and all...we survived! Burned over 500Û_ https://t.co/ILfd6wcGqg,NO
1839,@IrSolichin @9Tawan99 @178kakapo @POTUS The last 2 of 68 cities where everyone was burned to death. Terrorism on the grandest of scales,NO
1843,@Kyra_Elizabethh my back break light is burned out so I gotta show them in the next 10 days ??,NO
1844,@realDonaldTrump @Shelia1965A Been burned by Republicans so many times at least you are talking about things important to us. Good luck,NO
1846,burned 163 calories doing 30 minutes of Total Body Cardio #21dayfix #myfitnesspal,NO
1849,Corey White talking all dat shit but he got burned more than curlin irons on black women necks,NO
1850,@BlackHatWriter Yeah I'm going to be at home by a computer for the next two weekends. :( Getting really burned out really quick.,NO
1854,@alfred00dle @PDLeague I'm sorry about that crit not 100% sure if it matter prob cuz I was burned,NO
1855,"I got more rhymes than the Bible's got psalms
And just like the Prodigal Son I've returned
Anyone stepping to me you'll get burned
??",NO
1858,@widouglass @kurrrlyW @AdamRubinESPN @Nationals Welp that dunce got burned here,NO
1859,OMG so last week i accidentally burned myself with a cigarette lol only i would do that,NO
1862,@AdamRubinESPN I know we have been burned just a week ago in a similar spot but getting @MattHarvey33 out o just 88 pitches save some inn,NO
1867,"so keep calling me crazy
cause I never learned
you should stop loving fire
because you got burnedÛ_ https://t.co/ZsAEGjQq1z",NO
1868,I'm proud of my heart it's been played stabbed cheated burned and broken. But somehow still works,NO
1871,hermancranston: WIRED : All these fires are burning through firefighters' budgets http://t.co/FSGAnfRgjH http://t.co/ju9zzu9TiOÛ_ Û_,NO
1872,PSA- I chopped 3 #jalapenos &amp; my fingers were burning-lava-on-fire painful for 5+ hrs. This is a first! Wear gloves! #peppers from #hell.,YES
1874,Geoengineering and burning of fossil fuels is making our global weather unstable. With temps up to 165å¡ and biggest flood in past 200 years,NO
1876,@sar_giuliani I'm currently burning my skin off??,NO
1879,@JanelleBrown117 YES! We are comrades in sweat-seeking calorie-burning cardio-torture! We need all the support we can get- smile nod wave,NO
1884,WoW Legion ÛÒ Slouching Towards The Broken Isles: Warlords of Draenor wasnÛªt close enough to The Burning Crusad... http://t.co/RKpmoMQMUi,NO
1891,@TheVenskus you led a killer workout today @TheSweatShoppe my core is burning. Now #gymtime #worktime #auditiontime #roccotime #noBS,NO
1894,Peddle to the floorboard.. End up in a four door. Burning up a backroad song... Park it and we pile outÛ_ Baby watch your step nowÛ_,NO
1896,Burning bridges is my forte!,NO
1902,RT: A real burn book entry about CA: why the fuck is this place always BURNING,NO
1903,fear the fever Can you feel it now? I feel the fire Burning belo-ooow It's gonna trick ya Swallow you who-ooo-ole #MTVHottest Justin Bieber,NO
1904,the Burning Legion has returned,NO
1906,The Arab autocracies: Burning down their house http://t.co/xcjRamGQ22 via @TheEconomist,NO
1907,@TarekFatah you are burning in enemity of Pakistan .i m sure you will burn more and more,NO
1912,@8goingon80 I put on a ton of sunscreen and I'm still burning :/,NO
1913,Blizzard details new Dungeons and Raids in World of Warcraft: Legion: The Burning LegionÛ_ http://t.co/8IBAT5LOQN,NO
1923,'What is this accomplishing?! Burning is killing the buildings!' #TI5Quotes #TI5,NO
1926,15 Amp is common 120V breaker trip threshold to protect 14 AWG wire (commonly used in buildings) from burning. 1800W power outlets results..,NO
1928,"Burning Buildings.

Keep The Flames Lit. ??????",YES
1930,Three-alarm fire burning in Antioch apartment complex. @kron4news http://t.co/IH7cTORGRH,YES
1931,@RockBottomRadFM Is one of the challenges on Tough Enough rescuing people from burning buildings?,NO
1934,@mrjamesob U're not getting rid me until every last drop of life has gone... I crawl into burning buildings because all Life matters. Jakey,NO
1936,Firefighters are some brave people in my opinion bc I clare I don't know I could save ppl from burning buildings and houses I salute them ???,NO
1944,The Rocky Fire burning in CA still threatening more than 7k buildings. Largest in state &amp; one of nearly 2 dozen burning now #9newsmornings,YES
1946,I liked a @YouTube video http://t.co/EYma5CRlHk Mega Man ZX OST - T17: Ogre Claw (Area G - Burning Buildings),NO
1947,.@denisleary Not sure how these folks rush into burning buildings but I'm grateful they do. #TrueHeroes,NO
1958,@Trubeque Destruction magic's fine just don't go burning any buildings.,NO
1964,? High Skies - Burning Buildings ? http://t.co/uVq41i3Kx2 #nowplaying,NO
1970,What if we used drones to help firefighters lead people out of burning buildings/ help put the fire out?,NO
1974,'When you attack PP you attack women's health &amp; when you attack women's health you attack America's health.' http://t.co/HXdG24MCQg,NO
1977,Soaring temperature's in some southern US states causing bush fires pity @scotgov only allow rain in Scotland. #TweetLikeKez,YES
1978,You know it's hot when there are bush fires right near your villa ????,YES
1982,Bushfire causes first victim in Albania ::  The multiple fires in Albania have caused the first vict http://t.co/yuba6XmBlq #Bush,YES
1984,Drove past the field on fire yesterday. Reminded me of the bush fires we used to get in South Africa. http://t.co/SN3dHuYnFe,YES
1988,Bush #food fires: http://t.co/Q1Y8lm7us9 http://t.co/TofLxOdyrX,YES
1993,[WATCH] Mother Nature halts Australia Blue Mountains bushfire http://t.co/xxA4rmFZ01,NO
1997,@jiminswang i was about 2 say bush fires in aus but the reason is hot,YES
1998,Bushfire causes first victim in Albania ::  The multiple fires in Albania have caused the first vict http://t.co/yuba6XmBlq #Bush,YES
2002,If you like goats and dislike bush fires then this is probably the video for you http://t.co/93VacQM4b1,NO
2004,@PamelaMueller @TIME  It is an honour  and privlege to pray. I have witnessed these bush fires when living in Australia,YES
2005,@TheRealPBarry How much CO2 does an erupting volcano and bush fires raging put into the atmosphere? None of the believers mention this.,YES
2008,All these Eugene fires gotta make you think.... Hashtag conspiracies hashtag population control hashtag bush did it,YES
2011,Warfighting Robots Could Reduce Civilian Casualties So Calling for a Ban Now Is Premature http://t.co/yvYgTcAz7k,YES
2013,lets hope this concert ends with zero casualties amen,NO
2018,American Weapons and Support Are Fueling a Bloody Air War in Yemen http://t.co/ZBLU4xXo44,YES
2021,More women children casualties of Afghan violence http://t.co/OstkZA1qaX,NO
2025,@gtiso Fair enough. Change always has unfortunate casualties. I like that @NzMorningReport utilises both Welly &amp; Aucklnd. We'll see.,NO
2029,Memorial day of 70 years Hiroshima and Nagasaki (69 august 1945) wth total casualties 200.000+ . God forgive them!,YES
2030,Warfighting Robots Could Reduce Civilian Casualties So Calling for a Ban Now Is Premature - http://t.co/trNGqOPBdl,YES
2032,@EskSF there are always casualties when doing the right thing especially if it's going to cost your boss money.,NO
2037,@Josh_Daniel_ @mikegiarrusso @FoxNews so do you think a bunch of untrained people firing back isn't going to cause more casualties,NO
2041,"Obama 'lambasted 4 not being respected &amp; 4 being a jokeÛ
Would #Trump prefer more civilian casualties?
http://t.co/gxQMDMzA1u
#GOP
#maddow",YES
2044,@JimW_in_NM @KurtSchlichter Here's the thing: they were predicting UP TO A MILLION AMERICAN CASUALTIES. Forget the goddamn Japanese.,NO
2048,American Weapons and Support Are Fueling a Bloody Air War in Yemen http://t.co/F7ZcqaOcY7,YES
2052,Let's appreciate that the group of people that everyone hates so much the police prevented mass casualties today in Nashville.,NO
2053,@DonteStallworth @SteveSGoddard if you look at the casualties on Iwo Jima and Okinawa and the numbers dead on both sides you'll see it.,NO
2054,@Cameron_Surname @chrisg0000 The Allies forecast an Invasion of Japan had a minimum of 1 million casualties that is a minimum.,YES
2062,@Rx_Casualty @Vpzedd @Daintt_M call,NO
2065,"#LegalJobs Litigation Attorney in Scottsdale AZ:  Claims Specialist II Casualty Bodily Injury 
The can... http://t.co/zqrQEg3Cxl #Jobs",NO
2066,@5SOSFamUpdater social casualty,NO
2072,"ÛÏ@MacCocktail: 'The first casualty of war is truth.'
? Hiram Johnson (died this day) - in Tony Blairs case it died before the war! ??",NO
2079,Georgian wines have become a casualty in Russia's political campaign against the Ukraine: http://t.co/wCo724AmPl,YES
2080,@bruminthecity oh no what coffee was it espresso? poss casualty of today's busiest thurs ever. come in for a perfect coffee - on the house.,NO
2085,Associated Agencies Inc. is #hiring Property &amp; Casualty Account Manager http://t.co/z6MQrUFLDl #jobs #RollingMeadows #Insurance,NO
2088,Documenting climate change's first major casualty http://t.co/5QMvEwDgiS via @GreenHarvard http://t.co/NmtWI59MU4,NO
2090,Canceling Deal for 2 Warships France Agrees to Repay Russia via @nytimes http://t.co/j7vbskHAXn,NO
2092,charlie from casualty at the ashes https://t.co/jDlYmGuHwW,NO
2093,Keep alive your sound intensity level catering in keeping with auditory effect casualty insurance: hcXvNeoAV,NO
2101,"ÛÏ@5SOSGlobalSquad: me: will give all of my money to hear social casualty live 

#MTVHottest 5sosÛ I have about 5 buck here I'd give it all??",NO
2104,@Vpzedd reach skype,NO
2105,"?please read casualty fans?
Let us know &amp; help spread the word by retweeting! DM me or @ScriptetteSar for more info?? http://t.co/HDrBTJRoHb",NO
2106,business casualty,NO
2107,@datshemmings_ moi c'est plutot disconnected the only reason close as strangers heartbreak girl rejects social casualty ... ufhguhfidt,NO
2120,Fox News is the biggest media catastrophe in American history.  People love living a lie??,NO
2124,#twist #sony Ultimate #preparedness library: http://t.co/kx1fGSqeB6 Prepare Yourself For Any Catastrophe. Over http://t.co/7GYGhOG2ds,NO
2127,@BuzzFeed Stannis is not evil in the books GOT is a catastrophe just saying,NO
2130,@ShaneRyanHere CATASTROPHE on Amazon Prime.,NO
2132,You r a wonderful person  ???? @thomasistrash #ThomasIsTrash http://t.co/7bcLAzAfIH,NO
2135,'Now I am quietly waiting for the catastrophe of my personality to seem beautiful again and interesting and modern.',NO
2137,Gaza 2014 - The Summer of Catastrophe https://t.co/gm3YI1D1dV #gaza #palestine #israel #BDS,NO
2140,@taylorswift13 @Caradelevingne Mother Chucker and Catastrophe = So much hotness in one room we can't cope. #Swifties,NO
2143,@twlldun @peterjukes It's a very good piece. And I agree the failure of post-war planning was the catastrophe.,NO
2147,Sorry Kylie pretty sure James?? ate Bruce ?? this morning. #Catastrophe  https://t.co/TR6oM9yN2C,NO
2151,@robdelaney desperate to watch the last episode of Catastrophe. How can I get it in the UK?,NO
2152,@BarackObama hello Mr. President there is a really big problem in Puerto Rico regarding the water situation no more like a catastrophe...,NO
2155,Alaska's #Wolves face catastrophe Alexander #ArchipelagoWolves population plummeted 60% in 1 yr. Be their voice:  http://t.co/vCpKdbnSfp,YES
2156,Two shows I've loved this summer - Catastrophe and Unreal,NO
2162,@VaunWilmott - @PaysTara agrees that with the catastrophic loss of the love in the barn scene we are short 1 shirtless Michael. #Dominion,NO
2165,Something Catastrophic Is Coming: Should We Tune Out? http://t.co/iTkCRpqgn0,NO
2166,[WP] Following a catastrophic event the United States is decimated. The President prepares his first post apocalyÛ_ http://t.co/6eCMRxUyR6,NO
2167,@johngreen The catastrophic history of you and me,NO
2168,If a å£1 rise in wages is going to have such a catastrophic impact on wage structure. What the fuck is automation going to do!?,NO
2170,@unitedNYblogs @InsideCityHall @nyclass ouch. He needs to explain why his NYCLASS $500K hate mailer was such catastrophic fail,NO
2178,The Catastrophic Effects of Hiroshima and Nagasaki Atomic Bombings Still Being Felt Today http://t.co/W1iFF7ddvy,YES
2180,'How should a society respond to a looming crisis of uncertain timing but of catastrophic proportions?' http://t.co/rIiesTP9zY,NO
2182,"Dear @CarlyFiorina Will you or anyone in your family be alive in 2040?

#climatechange #GOPDebate 

 http://t.co/j7Q2ySOMvR

#FeelTheBern",NO
2184,#CANCER : everything seems catastrophic you feel you can not be worse. Hit rock bottom. You recover. You start again. After a while got it,NO
2185,Jim Rickards Blog: Catastrophic Outcomes May Come Faster Than Expecte... http://t.co/czEgzbnJ4x http://t.co/B53yr0ccmX,NO
2187,Stop Extreme Regulations That Hurt The Middle Class http://t.co/ATp5apYxRr,NO
2196,@_LalaDeviluke - consequences could have been catastrophic. I was also informed by the security A.I *Mute that you were primarily -,NO
2197,#gaming Learning from the Legacy of a Catastrophic Eruption: fifteen-mile-high plume of ash . The eruption wh... http://t.co/sv5KBP1FmO,YES
2199,Want to sell my boat of a car for a truck,NO
2200,As long as my #Baby is blissfully unaware of the catastrophic day happy  fed bathed  cared for...Û_ https://t.co/zMvrjLjoog,NO
2201,I suffered a catastrophic pants failure at work today. I resorted to tying my jacket around my waist til I got to a thrift store. #trustory,NO
2202,Society will collapse by 2040 due to catastrophic food shortages says study http://t.co/2wWZBW5lId,NO
2206,"Dear @SenTedCruz Will you or anyone in your family be alive in 2040?

#climatechange #GOPDebate 

 http://t.co/j7Q2ySOMvR",NO
2208,Something Catastrophic Is Coming: Should We Tune Out? http://t.co/ftrdbbaKqv via @po_st,NO
2218,THE CHEMICAL BROTHERS to play The Armory in SF tomorrow night!: EMERGENCY BAY AREA EDM ANNOUNCEMENT ÛÒ THE CHEM... http://t.co/Uhgx7uQoBd,NO
2223,"Fake 'explosion toxic chemical' drills emergency responders before Pope Francis 1.5 million visit in Sept.
http://t.co/AjVFJD3qnI",YES
2224,Emergency crews are on the scene of a chemical spill at Spohn Shoreline. We will have more details as they come to us.,NO
2226,Standard behavior of Chemical Mixers so that Emergency Purposes...JyB,NO
2228,Emergency services called to Bacup after 'strong' chemical smells http://t.co/4GaJhSPfwl,NO
2232,Rossendale: Emergency services called to Bacup after 'strong' chemical smells http://t.co/hUDTl2HdSV #rossendale,NO
2234,"Emergency services in Hammondville. Near Jewell Close. STORY: http://t.co/jQcy5NwbUg  #Liverpool #7News
https://t.co/snpmAlngvd",YES
2243,Chemical spill at a house in Hammondville. Emergency services attending. #BreakingNews #7News http://t.co/bQ94MjYgfe,YES
2247,@bendwavy emergency chemical rinse,NO
2249,Emergency services called to Bacup after 'strong' chemical smells http://t.co/hJJ7EFTJ7O,NO
2252,@PMBreedlove Russian nuclear-biological-chemical (NBC) brigade 'emergency response' exercise in Southern MD http://t.co/qyoT2B59ig Û_,YES
2253,Emergency prompted due to chemical spill at a factory near RedruthåÊUK https://t.co/oiCtAcbwSR http://t.co/46lSIanjMC,NO
2259,"When God pushes you to the edge of the cliff two things may happen:
1) He will catch you when you fall.
2) He will teach you how to fly.",NO
2261,Photographer Brian Ruebs endures 4500-feet climb to capture bride and groom http://t.co/gft2Lr0Lsi @rarasathie_,NO
2264,I might go losing it n drive off a cliff fall in the void,NO
2268,I hope you fall off a cliff.,NO
2269,@Spencer_VH I hope you fall off a cliff,NO
2270,@usetheIight youre an ugly piece of trash i hope u fall off a cliff,NO
2276,Huge cliff landslide on road in China: Watch the moment a cliff collapses as huge chunks of rock fall onto a r... http://t.co/LKDO0momtw,YES
2283,My boy @Fall_off_Cliff still got it man rumor has it he going back to DE ??,NO
2287,"Video: Man rescued after 80ft cliff fall at Shaldon
Read more: http://t.co/efQCLTEVlr http://t.co/4gQy7ziMfC",NO
2290,@MattBuek Some pitchers gracefully lose their stuff. Some fall off a cliff and land on their throwing arm. Hard to tell who gets what.,NO
2291,@JohnnieGuilbert jump off a cliff. I'll be cheering for you to do a back flip for fucks sake. I hope you fall and break your neck.,NO
2293,3 out of the 4 people I'm camping with I would happily see fall of a cliff.,NO
2295,Mega keen for hiking tomorrow! Hope i don't fall off a cliff haha!  #keen #fitness #yay #excitedmuch,NO
2302,@NTSouthWest Looks very tasty but the problem is the cliff might fall into the sea due to coastal erosion so it would be crumbly then,YES
2305,Interview on The Collapse of Materialism Best #TalkRadio Listen Live: http://t.co/ncMBnRsk5Q,NO
2310,Greece's tax revenues collapse as debt crisis continues http://t.co/V5yyzNGRBZ,YES
2313,http://t.co/dOg9bw1eCW Correction: Tent Collapse story #HNLnow,YES
2316,Correction: Tent Collapse Story http://t.co/CMbNMvVDKl,NO
2320,We all knew Cain wasn't going to die... It's either Val or someone is gonna collapse later on... #Emmerdale #SummerFate,NO
2322,Interview on The Collapse of Materialism Best #TalkRadio Listen Live: http://t.co/Qn8vTXZJzB,NO
2323,West Side water main break causes street collapse (VIDEO) - El Paso Times http://t.co/uP9TWymJlV,YES
2326,@fouseyTUBE @zaynmalik I would collapse,NO
2328,The Guardian Greece's tax revenues collapse as debt crisis continues The Guardian FreshÛ_ http://t.co/L0ARQL2q2O,YES
2331,If Oikawa was in Karasuno I guess I'd just collapse from such an overwhelming happiness.,NO
2335,Residents set up sign as tribute to families who lost their lives in the Thane building collapse: The unfortun...  http://t.co/zT6wANhXuj,YES
2338,Technical Collapse -&gt;  http://t.co/BfJB5H4tuW     $WLB Down -3.43% to New Low http://t.co/cSXEKREDUg,NO
2343,.@ArneJungjohann #Energiewende is directly responsible for the collapse in energy value. http://t.co/NxvjPj610W,YES
2344,#ROH3 #JFB #TFB #alrasyid448ItuRasya Correction: Tent Collapse Story http://t.co/xsnJi8EJRl ROH3 SmantiBatam #ROH3SmantiBatam,YES
2345,Ashes 2015: Rampant England humiliate rival Australia http://t.co/kMBS7bXkQN,NO
2353,Greece's tax revenues collapse as debt crisis continues: As talks continue over proposed âÂ86bn third bailout ... http://t.co/7w2WiEFjuq,YES
2355,That @PPact hasn't already collapsed is a testament to @TheDemocrats lockstep devotion to politics over reality.,NO
2357,@SheriffClarke @FreeAmerican100 If a carpenter built your house and it collapsed would you ask the same carpenter to rebuild it?,NO
2360,35W Memorial honoring those who died when the bridge collapsed. http://t.co/qIb5fYaLGs,NO
2365,I used to have a good time from June to about July 10th then my summer just collapsed smh,NO
2369,i remember when i was little and i didnt want to say the pledge and the school collapsed and pit to hell opened,NO
2371,But the ceiling and the walls collapsed. Upon the darkness I was trapped.,NO
2378,I collapsed in the bathroom bcuz of Michael.,NO
2380,VIDEO: Link to the billowing fire after the SouthTowne Lanes roof collapsed: http://t.co/YrRHqZLKoR http://t.co/dXk4sUXMKV,YES
2381,@_Lasha_K @Diamond6612 @quin_lo @LSedig @Yemmely @Holly16252 @Inmianajones I saw this crazy edit of Twisted mixed with Tut and I collapsed,NO
2383,3D view of the storm that developed &amp; collapsed over Albertville this evening; some wind damage reported #valleywx http://t.co/2wJ1MNz3mE,YES
2384,@michaelgbaron Panic City has collapsed. Party City is in full swing!,NO
2392,@JessicaLauraxo grandma collapsed and died,NO
2393,3-pronged inquiry launched into collapsed #HongKong furniture retailer DSC http://t.co/Tg3ukIsgEN @scmp_news http://t.co/An5LpimNfA,NO
2401,Official: Crowd in tent that collapsed was told to stay put: LANCASTER N.H. - Circus workers first told spectatorsÛ_ http://t.co/yRQgASn0JG,YES
2403,@jemmaswans i needed such a breather today oh my god i went on lunch and collapsed like a sack of bones in my car,NO
2404,We had a room full of people lifting up Collide in prayer!! We are so excited for Friday night!! http://t.co/645dYNAMy8,NO
2405,?Maybe someday we'll find the place where our dreams and reality collide.?,NO
2407,I'm not saying you should freak out but Collide starts in 30 mins so you should freak out!  GetÛ_ https://t.co/QOK1BSYZEU,NO
2411,I added a video to a @YouTube playlist http://t.co/c2k7hDoLph Howie Day - Collide,NO
2424,but even if the stars and moon collide i never want u back into my life #MTVHottest Justin Bieber,NO
2426,Collide Gateway students make setting up chairs and tables 10x more fun than I would've thought! ?? @collideNLC,NO
2431,Perez Hilton forever Niley shipper lol https://t.co/qQ1pIJK2dA,NO
2433,no escape- no place to hide here where time and space collide,NO
2434,Nigga This Is The First Time I Heard A Song By Justine Sky Other Than Collide,NO
2436,Vamos Newells,NO
2439,#Funfact #facts Can Stars Collide? http://t.co/E1ao9A7rw9,NO
2444,"When transgender Sam takes runaway Lizzie in two very different worlds collide as they explore unjust boundaries and trust.
Sam(uel)
#books",NO
2447,When Social Media Marketing and Ethics Rules Collide | The Recorder http://t.co/D0Bnm1ZZak,NO
2448,Trump &amp; Bill Clinton collide in best conspiracy story ever http://t.co/ABkhBhNLOz via @motherjones TRUMP DEMOCRATIC PLANT?  lmao #lastword,YES
2449,PIERCE THE VEIL Rubber Bracelet Wristband Collide with the Sky - Full read by eBay http://t.co/H4WUPpaT6k http://t.co/WisjhDH58n,NO
2450,Now there's only 2 days for collide!!! get signed up!???? http://t.co/vhh7LBOATZ,NO
2461,@FarhanKVirk @PTISalarKhan ! Instead of promoting false news first get your facts right . It was a road rage incident . Vehicles collided,NO
2469,"I so want to #win an ARC of WHEN WE COLLIDED Emery Lord's 2016 release! Open intl #TheStartofEmandYou #giveaway
 http://t.co/qcu4xO54wT",NO
2472,@mollywood I agree! I didn't know you had moved to Marketplace. I woke up to your report &amp; thought my favorite worlds (BOL-APM) collided.,NO
2473,@imaginator1dx currently reading after. as you can see after we collided is on my dresser waiting to get read http://t.co/QwrASZ6LHO,NO
2474,@edsheeran tf is innit,NO
2477,So running down the stairs was a bad idea full on collided... With the floor ??,NO
2481,#maritime The sand carrier Shinto Maru and chemical tanker Hoshin Maru collided on 7 nautical miles off Honshu... http://t.co/2bnfoAGpzD,NO
2484,Oh my God. Sending my thoughts to @SAStars head coach Dan Hughes who left the game on stretcher after Danielle Robinson collided into him.,NO
2495,@AlyssaSpencer28 remember when beau and i collided on the slip and slide and I died ??????,NO
2503,Ok two of my favorite things have collided into one great HT #LiteraryCakes  https://t.co/E2meY0aKPu,NO
2509,Call to car vs fed ex truck head on collision on I-40 mile marker 118. Prayers for the families as we get to the scene!,NO
2511,Motorcyclist bicyclist injured in Denver collision on Broadway http://t.co/eOPWBtUYr9,YES
2518,Motorcyclist bicyclist injured in Denver collision on Broadway: At least two people were taken to a localÛ_ http://t.co/PMv8ZDFnmr,YES
2522,Traffic Collision - Ambulance Enroute: Florin Rd at Franklin Blvd South Sac http://t.co/dYEl9nMQ0A,YES
2525,The Denver Post - Motorcyclist bicyclist injured in Denver collision on Broadway http://t.co/yjrIi5mHii,YES
2526,that collision daaamn,NO
2529,Marin Sr37 / Sr121 **Trfc Collision-Unkn Inj** http://t.co/yqJVEVhSzx,YES
2533,Riverside I15 N Sr91 E Con / I15 N Sr91 W Con **Trfc Collision-Unkn Inj** http://t.co/QqMLKvgPQk,NO
2549,Techerit: Anti Collision Rear- #gadget #technology http://t.co/v3a5ZQaRFg,NO
2551,Anti Collision Rear- #innovation #gadgets http://t.co/YXD4c4XlGo,NO
2558,Mom fights to recover in hospital from fiery car crash while kids miss her at home - http://t.co/0UH26R2zfX,YES
2562,No citation for Billings police officer who caused Broadwater crash http://t.co/aAhYoEITzl http://t.co/ULZ3ubQV5z,YES
2563,'Our little angel': Banjo Pilon 10 dies after skateboarding crash at Wamberal: At the weekend 10-year-old B... http://t.co/5bcOQB6Cff,YES
2567,lol at the guy whipping by me on a double yellow line in his mustang just to crash on the curb into a light pole #sns,NO
2574,New post: 'India Train Crash Kills Dozens' http://t.co/6OQaZmQa3L,YES
2577,Crash,NO
2578,@crash_matrix @TheMercedesXXX With a minivan :3,NO
2580,Non-Power 5 Schools with Best Shot to Crash College Football Playoff http://t.co/Wj5EMRNkYi,NO
2581,This is hilarious! Look at all of you! We got: Hairity Rainbow Crash Spitty Pie #Spikebot,NO
2583,Thieves crash dealership gate steal four vehicles in Killeen http://t.co/aA47AXC6sr http://t.co/fz5axahPVr,NO
2584,Time to enjoy summer in a crash course of two weeks... I will never take summer classes again. (That's a lie),NO
2586,#portmoody Clarke Rd hill n/b blocked by crash past Seaview traffic back to Kemsley. Take Como Lake to Gatensbury to get around it.,NO
2589,@natethewolf Car vs Motorcycle Crash Fairport Nine https://t.co/SkUQMJq7g2 #BGC14,NO
2595,Learn cPanel in 2015. Join cPanel Crash Course only $20 http://t.co/TltY2Mumco,YES
2596,.@Emily_Noel95 @SterlingKnight @joeylawrence @ABCFmelissajoey that car crash was pretty fun to film  #melissaandjoeychat,NO
2600,NEWS: 2 injured in school bus crash in Bordentown - http://t.co/672bY6OOjn | Details: http://t.co/N5IHOfDpD4,YES
2601,The Crash And A New Depression ÛÒ The Seeds For The Next Crisis Have Already Been Sown http://t.co/IsN9HdZ4cp,NO
2607,Husband's back from Edinburgh and crashed out. One young adult's has got a raging temperature the other's gone out and I'VE NOT HAD ANY TEA,NO
2610,Rip to whoevers face that crashed in front of my work. Wish I could have helped,NO
2613,almost crashed while listening to walk the moon bUT I DONT CARE I LOVE IT,NO
2615,Ol'Head just crashed into the back of another ol'head car he hopped out like 'DAMNNNN U FUCKIN ROOKIE... SLOW TF DOWN!!' ??????,NO
2618,@thomicks Isn't showing up for me. I think it crashed.,NO
2620,@RosanneBarr New documents suggest Clinton's email server may have crashed. All of her fan mail from Qatar must have crashed it.,NO
2623,Bin Laden family plane crashed after 'avoiding microlight and landing too far down runway': Three members of t... http://t.co/ZlBOeMXo2T,YES
2626,@BlizzardCS crashed them right after the stream lol,NO
2630,@PahandaBear @Nethaera Yup EU crashed too :P,NO
2634,#news Bin Laden family plane crashed after 'avoiding microlight and landing too far down runway': Three member... http://t.co/hHsN0VnYKs,YES
2636,"aQgcO mhtw4fnet

Pakistan says army helicopter has crashed in country's restive northwest  - Fox News",YES
2638,Got a ticket &amp; my car got crashed  man life's great !,NO
2639,"Pak army helicopter crashed in Mansehra. 
Pray for departed souls. http://t.co/XclNBVvfSi",YES
2646,Website Malfunctioning? PHP Scripts not working? Database Crashed? Need a Unique Script? PHP PRO to the rescue! http://t.co/LadH9Oo086,NO
2650,08 Army personnel including 5 Majors were martyred when a helicopter of Army Medical Corps crashed near Mansehra. http://t.co/wyMrtwsZHU,YES
2652,The last few days have proven how popular the #BBC is. Over 9m watched Bake Off and iplayer crashed due to cricket commentary.,NO
2653,pkadlik : jojowizphilipp and I have a crush on Rob Thomas right now...?? #viptickets #imgunnashakeitallnight @Û_ Û_ http://t.co/uaGsSzMu9w),NO
2654,my brother said he has a crush on a girl named Danielle ???????? OH GOD NO,NO
2662,women crush for sure ???? http://t.co/7fQjvTd4GN,NO
2665,I think I might have a crush on my lover boy ?,NO
2669,Aramis will crush 1 pitch strop,NO
2674,So if you secretly have a crush on me and can sing lmk lmfao,NO
2678,Crush cars with wrestling stars in MMX Racing Featuring WWE - AppAdviceÛ_ http://t.co/5XvP1IfPmy #designgeeks,YES
2681,I was freakingg out and he was playing candy crush ??,NO
2685,I'm just not a relationship person. That's why when I have a crush on someone I always think they're not going to feel the same way,NO
2686,@sandy0013 dude i have a crush on hockey players but Paul will always give me butterflies...he's just an angel!!,NO
2690,I have the biggest girl crush on oomf ????,NO
2697,@Team_Barrowman Just saying your my man crush!,NO
2699,omg I have a huge crush on her because of her looks. ... ÛÓ Not necessarily I dont think so! She is looks way be... http://t.co/xqmaTI4GI6,NO
2704,I crushed a 5.1 mi run with a pace of 13'0' with Nike+ SportWatch GPS. #nikeplus: http://t.co/lJiiuuaTRC,NO
2705,So my Neptunia girls are all nearly level 150 and I've crushed all the non-S-rank Colosseum fights.  Major grinding happens very soon.,NO
2710,@AmyRamponi But theyÛªre not crushed? It doesnÛªt set up some negative self-fulfilling prophecy or negative self-talk? #psychat,NO
2712,An old man shuffled slowly into an ice cream parlor. He ordered a banana split. The waitress asked Crushed nuts? No he said. Arthritis.,NO
2713,@DancingOnHwy there is nothing I love more than seeing Bears fans get their hopes and dreams crushed.,NO
2716,So in one episode they undo season 1. Kai joins FF Ren beats Aichi with Psy  and misaki gets crushed.  What the fuck?,NO
2717,RT #Target Best price on #Avril Crushed Sheer #CurtainPanel #Curtains #Decor #Blinds #Shades : http://t.co/TBhbuX6dc0,NO
2718,@MWCahill5 also mcutchen crushed it,NO
2721,I'm so over getting my hopes up and then being crushed.,NO
2722,Uribe just crushed that,NO
2735,Double E! Just crushed that ball! #Jays,NO
2737,#GoT season 5 - funniest season ever. Hilarious. #GameOfThrones you crushed it. OMG. #CantStopLaughing #Wow #Comedy,NO
2738,?? my soul just crushed because they were so damn cute ?? https://t.co/zADH87Pwml,NO
2742,@Loraccee @JoeNBC @msnbc Still gets crushed by @FoxNews which says little about cable news viewers in general. Dumb sells but sucks.,YES
2745,Uribe crushed it! #Mets,NO
2746,@Brandon_Warne MLB has that ball at 462 feet.  Absolutely crushed.,NO
2747,That ball was crushed,NO
2750,http://t.co/ACHBbiFQrQ : Big Papi with a great welcoming to The Show: #CrushedÛ_ http://t.co/ceBFBONcHD http://t.co/mUncapudDc,NO
2751,@Spicenthingsup wtf!? I can't. The love bit. I really think that's how she feels. Massive crush that got crushed.,NO
2754,@GhazalaBaji : Exactly!  Curfew like situation when I sit with dad,NO
2762,Black African refugees in 'Israel' cannot attend Kenye West concert due to curfew for black refugees.. http://t.co/S0usjQYIJe,YES
2764,Has the kids' bedtime gotten later &amp; later? Now's a good time to point out to them when their regular curfew would be. #BTSPrep #Parenting,NO
2772,@karli_knox you know how crazy strict Philip is. he gave me a 10 texting curfew bruh,NO
2775,@CurfewBeagle @beaglefreedom Pretty Curfew!!!??,NO
2776,WHEN YOUR PARENTS TRY TO PUT A CURFEW ON YOU AND YOU'RE ALMOST 19 ????????????,NO
2779,everybody like fuck curfew.. and i'm sitting here like i'll be in bed by 12.,NO
2781,@benznibeadel_ hehe like u HAHAHA I'm kidding love u I'm gonna sleep na bc curfew ??,NO
2789,@AnnaEsterly dude you were only out 4 mins past curfew give your self a break.,NO
2790,Big 30 hanging out no curfew?? https://t.co/JHDqHfaTLJ,NO
2791,@DomeTufnellPark Do you know what the curfew for Havoc Fest is on Sunday please?!,NO
2798,! Sex-themed e-books given curfew in Germany on http://t.co/7NLEnCph8X,YES
2800,Big 30?? Hanging Out NO CURFEW,NO
2804,Happy to report all is quite in the TROPICS. Cyclone Development not expected at this time @CBSMiami @MiamiHerald http://t.co/vI5oVsaHqL,YES
2805,Here comes the next Episode #Scorpion #Cyclone @ScorpionCBS,NO
2806,The revival of Cyclone Football begins today!!  Be there September 5th!!,NO
2809,An Appeal By Cardinal Charles Bo SDB ( CNUA) Dear Brothers and Sisters The  recent cyclone and the massive... http://t.co/bLgH5bTV8T,YES
2810,Cyclone hits Skye  http://t.co/QZYeRMrQtW http://t.co/N5AI9pQNjg,NO
2812,@orochinagicom GIGATECH CYCLONE,NO
2814,"SEVERE WEATHER BULLETIN No. 6
FOR: TYPHOON ÛÏ#HannaPHÛ (SOUDELOR)
TROPICAL CYCLONE: WARNING

ISSUED AT 11:00 PM... http://t.co/fKoJd0YqK0",YES
2816,First time for everything! @ Coney Island Cyclone https://t.co/SdNT3Dhs3W,NO
2818,@Aliyeskii @wquddin @tunkhin80 @MaungKyawNu @drkhubybe @nslwin @ibrahimdubashi @mdskar @zarnikyaw @kyawthu043 After cyclone,NO
2823,@ERPESTAR i aint a bitch girl popobawa revolves around you the cyclone,NO
2824,#weather #tropicalweather: Tropical Cyclone Tracking update 1245Z 6 Aug 15. http://t.co/D79laflys9 #tropicalupdate,YES
2834,Is that a hurricane or a typhoon? No matter which one it's also a cyclone. http://t.co/c5kJAtjgzn,YES
2837,Waige driving like a Badass #ScorpionPilot #Cyclone @ScorpionCBS,NO
2840,raleigh cyclone 15 gear mountain bike 26'': http://t.co/4LpPmad80G #sportinggoods http://t.co/lleFHhggrL,NO
2845,"RT  SEVERE WEATHER BULLETIN No. 6
FOR: TYPHOON ÛÏÛ (SOUDELOR)
TROPICAL CYCLONE: WARNING

ISSUED AT 11:00 PM...  https://t.co/BYy4dHrqyH",YES
2847,Red Tropical Cyclone alert for SOUDELOR-15 in China Northern Mariana Islands 06 Aug 2015 06:00 UTC http://t.co/DMnr5Nkfo7,YES
2848,"#LocalEventCountdown:
8. Curtain opens on The Black Cyclone in Shelby tickets &amp; info: http://t.co/v7dCz5DJDj #rstoday",YES
2850,May 1965 Rodder and Super Stock Keeling 427 Mustang Barracuda Riviera Cyclone http://t.co/ha3I0Etk5w http://t.co/Id2vGZ6qew,NO
2859,Damage done: How to Recover From a Negative Social Media Update http://t.co/W2wtjyS599 @SMExaminer,NO
2862,@beforeitsnews Û¢This Is Called DAMAGE CONTROL. Don't Be Fooled Folks. The Perps Will Just Come Up With Plan B...,NO
2868,#LMÛªs @frauncestavern named one of the historic properties granted $$ by @NYGovCuomo to repair #Sandy damage http://t.co/OcAdC8vFyF,NO
2874,@globepolitics extreme positions lack of debate pandering to the hard-right - further increase divides corrodes trust and damage goodwill,NO
2876,Limited the damage. Put some runs on the board. #NYY,NO
2892,@f_body95 never riding in the gaymaro ... Would damage my reputation,NO
2894,Alpine city park vandalized $2500 in damage http://t.co/fwk8puB2wF,YES
2897,Got my first damage today  fuckkkkkk,NO
2901,@VZWSupport Zero damage just a horrible product,NO
2903,"@GatorGMuzik #FETTILOOTCH IS #SLANGLUCCI OPPRESSIONS GREATEST DANGER COMING SOON THE ALBUM 
https://t.co/moLL5vd8yD",NO
2904,I used to really think Danger was gonna be a movie,NO
2906,I don't think it was. It was very realistic. Scully finally had him home and sfe and he wanted to go out into the danger. @HipsBeforeHands,NO
2914,#onceaho Empire Girl: Vote Abella Danger: Adult Empire is running their first ever hunt for the Emp... http://t.co/xC5RJ36yv2 #alwaysaho,NO
2918,"?????? FREE!!! ÛÏThis book will blow your mindÛ_Û ??????

'Suspense danger anger love and (most importantly)... http://t.co/nzN5nTPn75",NO
2919,In my post today I talk about the dangers of interruptions. Do they annoy you?http://t.co/zh6AusFbwh,NO
2923,@TheElmagoo @GOPTeens @FoxNews @pattonoswalt anyone who actually plays that drinking game is in serious danger of alcohol poisoning,NO
2926,@pukesmoothie I don't understand WHY he would put us in that danger.,NO
2928,@mlp_Delrim Please tell my why they might be in danger if they knew what you knew?,NO
2930,The Devil Wears Prada is still one of my favourite films ??,NO
2938,Allen West: Obama is a clear and present danger to our republic! http://t.co/GH2VKb1zu5 http://t.co/0SmhjXWcbo,NO
2940,@Fresenius  Said I put patients lives in danger and at the same time this is whats happening. Same like this is a bigger violation than PPE,NO
2949,@James_May_Not @aMusicVideoaDay @knelligan12 @king_ruckus There's a lot of businesses that operate on outskirts &amp; I never feel in danger,NO
2951,@unitedutilities not happy I received text now about #Parasite danger.I am a #transplantee &amp; #Virus can kill #kidney https://t.co/9AasSFrdP1,NO
2958,my last retweet i hope i drop dead,NO
2961,Once Thought Dead Google Glass Gets a Second Coming: Though considered an epic failure according to its makers and a recent patent...,NO
2962,dead  https://t.co/ESsxzdTcQJ,NO
2964,'Possum problems and dead ducks. http://t.co/x6mZDBntRP,NO
2966,I hope it's Ross &amp; not Val that's dead @emmerdale #SummerFate,NO
2967,???????? this the dead ass truth you pay for shit you not gone use  https://t.co/iW1sDopMvR,NO
2968,@emmerdale #SummerFate that was so intense!! Can't believe Val's dead!!????,NO
2972,Nah @emmerdale @MikeParrActor ross ain't dead we all know he's just unconscious and your just being dramatic teases,NO
2977,Ross better not be dead! #Emmerdale,NO
2978,Nooooo the village hotty is dead ???????? #Emmerdale,NO
2979,@MikeParrActor No no no no no no I'm not believing it! Ross isn't dead! http://t.co/LvOlNtSWDZ,YES
2981,@MikeParrActor if Ross is dead I shall never watch emmerdale again I'll be that heartbroken ??,NO
2985,I don't reckon Ross is dead actually they said 'has' Pete killed his own brother Ross has survived so much to just die from that??,NO
2986,"Please tell me Ross isn't actually dead...
I hope they're just playing us until the next episode. #emmerdale",NO
2989,411Naija åÈ Flood: Two people dead 60 houses destroyed in Kaduna http://t.co/yAvL49DoOF,YES
2994,If you're my boyfriend's ex or had any feelings for him. DONT TALK TO HIM! Don't follow him. He is dead to you. He don't exist niggah. ??????????,NO
2996,For everyone that doesn't know Chris Prater was struck by a train this morning and pronounced dead on scene. Prayers to his family.,NO
2997,@_ToneDidIt this can't be real nah ?? her mother is dead wrong ????,NO
2999,no way can ross be dead..?? #Emmerdale,NO
3002,WHAT AN INCREDIBLE CHARACTER MY HEART IS BROKEN THAT HE IS ACTUALLY DEAD!! #RIPROSS WE WILL MISS YOU!  https://t.co/LgqmdnaVDf,NO
3007,@baeffee @RandomPelar the black death (black death whoo!),NO
3008,I liked a @YouTube video http://t.co/EVEdsU5PB0 Camp Out! | BUNK'D | Disney Channel,NO
3017,#Obama: Don't worry the 'good' Iranians are just kidding with the 'death to America' chants. The 'bad' ones are those just like Republicans.,NO
3020,Microsoft Xbox 360 console RRoD red ring of death AS IS FOR PARTS OR REPAIR - Full read byÛ_ http://t.co/IpQCCT5hGC http://t.co/oofPEfRh3r,NO
3024,This headache will be the death of me ??,NO
3028,@ITristonTyler CONFESSION when I was little I had a hamster and my room was so cold it froze to death!?? OOPS......,NO
3031,This wall is going to be the death of me...due to the years of water leaks and lack of maintenanceÛ_ https://t.co/PVd2fYBa0q,NO
3032,The Iran Deal Will Result In Terrorism And Death | Truth Revolt http://t.co/xrG0FacL6T,YES
3033,@swearyG It looks like the death star,NO
3035,death is the only certainty in life,NO
3040,A single death is a tradery many deaths is statistics.,NO
3041,#Spirituality - Born Again-Spiritual Awakening And Near Death Experiences http://t.co/Z0UGKqi6kM @Charlesfrize @Frizemedia @Dynamicfrize,NO
3046,@Kaay_Paat it's actually death and takes way longer than you'd think,NO
3050,of all days when I look like death I have to see all of mo city in chick fil a today ??,NO
3063,Deaths 2 http://t.co/4A1fSwePpg,NO
3065,@betrayedhunter reading he paused as he came across a couple of deaths and began to read deeper into it.,NO
3067,Deaths 5 http://t.co/0RtxTT11jj,NO
3069,Bigamist and his 'first' wife are charged in the deaths of his 'second' pregnant wife her child 8 her motherÛ_ http://t.co/t5HwUnjK7g,YES
3076,HEALTH FACT: Women account for 39% of smoking deaths. http://t.co/fSx2H9XAkI,YES
3078,@1outside in the series the deaths seemed one right after another but in the book it seems a month or more will pass after the death of Liz,NO
3081,@tim55081 @BootlegAlbano @ShaunKing I know. He profits off the deaths of the people he claims to be fighting for. He makes me sick.,NO
3087,@mohammedzismail because there was more deaths by regular gunsmissilesbombs and what not warfare than the A-bombs used in A war.,NO
3088,Infections driving up neonatal deaths ÛÒ Health Minister #Guyana http://t.co/ImugNXrEBN,NO
3094,Bigamist and his Û÷firstÛª wife are charged in the deaths of his Û÷secondÛª pregnant wife her child 8 her mother her nephew 1 and their uÛ_,NO
3096,MSHA stepping up enforcement after mining deaths: http://t.co/4HM34lrUER via @elkodaily,YES
3098,Bigamist and his 'first' wife are charged in the deaths of his 'second' pregnant wife her child 8 her mothe... http://t.co/RH15gGSgQG,NO
3103,Is a wing part enough to solve the MH370 mystery?: http://t.co/ys2bveKlxK,YES
3110,Debris Found in Indian Ocean could be Malaysia Flight 370! http://t.co/VUoJPrKUAX,YES
3113,BBC News - MH370: Reunion debris is from missing Malaysia flight http://t.co/bze47fzKUd,YES
3121,#news Island Wreckage Is From Missing Malaysian Jet: Officials: Debris found on Reunion Island is from flight ... http://t.co/kRvUmMtVY2,YES
3127,Hopefully this will bring some closure for the families #MH370: Malaysian PM confirms debris is from missing flight http://t.co/2963y36LdF,YES
3128,RÌ©union Debris Is Almost Surely From Flight 370 Officials Say http://t.co/hJ1BX8Bgu1,YES
3129,#AUS Aircraft debris found on island is from MH370 Malaysia confirms http://t.co/1zFGk9ET5v #abc,YES
3135,#?? #?? #??? #??? MH370: Aircraft debris found on La Reunion is from missing Malaysia Airlines ...  http://t.co/ykLruIMIsD,YES
3143,With authorities ???increasingly confident??? the airplane debris recovered Wednesday comes from MH370 official analysis is set to begin,YES
3146,Investigators: Plane Debris Is 'Conclusively' From MH370 http://t.co/uKOZWID5k3 #gadgets #tech,YES
3148,Top story: MH370: Reunion debris is from missing plane - BBC News http://t.co/jasWg2MwIi see more http://t.co/qgk64YPN13,YES
3149,Per Malaysia's PM 'this piece of debris ... is conclusively a part from the wing of #MH370.' More right now http://t.co/Bd3ik4oz2r,YES
3151,Interesting MH370: Aircraft debris found on La Reunion is from missing Malaysia Airlines ... - ABC O... http://t.co/q0OjWnY4Kc Please RT,YES
3156,RMT is playing Jackson Browne - Before the Deluge [Listeners: 2/100] [Requests are: On],NO
3160,ÛÏ@Liquidslap Name Ja Rule's best song.Û &lt;-- My guess is a song I've never heard because nothing I have heard could possibly be a candidate.,NO
3164,@We3forDemocracy it already happens. ABs and rowers tweeting support for Nats last year and the deluge of celeb endorsements for Obama in 08,NO
3169,@CIOstrategyAU - As applicable to business as to warfare: 'battles of the future will be decided by #data' https://t.co/CIQsKWgdjj,NO
3178,Euro Ensembles much more optimistic for the weekend even though their operational counterpart is a deluge!,NO
3187,I'm havin previous life flashbacks of when i lived in Weimar Berlin. the hustlin life on Unter der Linden before the deluge.,NO
3194,#BigData Deluge is out! http://t.co/khatZh7agZ,NO
3202,A decade-long billion-dollar deluge of 'messages' from the government of Canada. #HarpersLegacy,NO
3203,Do you feel deluged by unhappiness? Take the quiz: http://t.co/blBVVpbw2z http://t.co/05qooc9CbR,NO
3204,Why are you deluged with low self-image? Take the quiz: http://t.co/JCaGECQFH2 http://t.co/nH313ADkz4,NO
3206,thousands displaced as houses &amp; roads deluged by floodwater after week of persistent rains. #floods #climate #cdnpoli http://t.co/4WeDZRSWbn,YES
3207,Businesses are deluged with invoices. Make yours stand out with colour or shape anq it's likely to rise to the top of the pay' pile.,NO
3208,Businesses are deluged with invoices. Make yours stand out with colour or shape and it's likkly to rise to the top os the pay' pile.,NO
3209,Police are still searching for two people after rain and mud deluged the western town of TetovoÛ_ http://t.co/XPhZ3GoUhR #Deutsche #Sprache,YES
3213,Businesses cre deluged with invoices. Make yours stand out with colour or shape and it's likely to rise to the top of the pay' cile.,NO
3214,Watching Deluged by Data #doczone while on my IPad..... #CBC,NO
3215,Businesses are deluged with invoices. Make your. stand out with colour or shape and it's likely to rise to the top of che pay' pile.,NO
3220,Businesses are deluged with invoices. Make yours.stand out with colour or shape and it's likely to rise to the top of the pay' pipe.,NO
3223,Do you feel deluged by unhappiness? Take the quiz: http://t.co/XUyfZkZ4k0 http://t.co/YupKvDIh8m,NO
3224,Businesses a e deluged with invoices. Make yours standwout with colour or shape and it's likely to rise to the top of the pay' pile.,NO
3226,Businesses are deluged with invoicesx Make yours stand ou. with colour or shape and it's likely to rise to the top of the pay' pile.,NO
3228,My brain is deluged; with only your thoughts,NO
3230,Businesses are deluged with invoices. Make yours stand out with .olour or share and it's likely to rise to the top of the pay' pile.,NO
3232,Businesses are deluged with invoicew. Make yours stand out with colouj or shape and it's likely to rise to the top of the pay' pile.,NO
3233,Businesses are deluged with invoices. Make yours stand out with colour or shape and it's  ikely to rise to the to. of the pay' pile.,NO
3234,I can't believe it never occurred to me that I could *not* be deluged with Kickstarter emails.,NO
3238,Businesses are deluged with ivoices. Make yours stand out with colour or shape and it's likely to ris; to the top of the pay' pile.,NO
3246,Is Facebook being deluged by friending spam the last few days or is someone targeting me for some reason?,NO
3247,Glimpses: &lt;b&gt;Hyderabad&lt;/b&gt; deluged by heavy rainfall: HYDERABAD: With flood waters headingÛ_ http://t.co/TWFWTxZ2dS,NO
3250,"deluged dismay so
soon surrendered summer drought
descending disturbed

#sunrise#haiku #poetry #wimberley #atx#smtx http://t.co/z9FDebg5Fm",NO
3251,The horror community is deluged with cruddy ostensibly macabre photography. Don't contribute to the pandemic.,NO
3254,Barton-Le-Clay house owner told to demolish extension - BBC News http://t.co/inxvExrsyV,NO
3257,"RT AbbsWinston: #Zionist #Terrorist Demolish Tire Repair Shop Structure in #Bethlehem
http://t.co/Om3ntQIh2m http://t.co/6SAS3fuahA",YES
3258,Salvation Army bid to demolish cottages http://t.co/3kuXonOchl #Southend http://t.co/enQaSCGFyw,NO
3261,Enugu Government to demolish illegal structures at International Conference Centre http://t.co/9Hq5miwXFU,NO
3267,Contractor hired to demolish Goodrich plant in Miami files for bankruptcy - Tulsa World: Manufacturing http://t.co/uk7YwsvMgA,YES
3268,Enugu Government to demolish illegal structures at International Conference Centre: Enugu State government app... http://t.co/bzINn2wXHu,NO
3269,'I will demolish your head' 'you are all corrupt' 'i will vandalise your head' - Aliyu Mani #SecSchoolInNigeria,NO
3271,"Listen to @AnaKasparian demolish the case against Planned Parenthood!!
*whiny voice* 'I just really love aboooooortiooooonnnnns.' #DefundPP",NO
3272,Hope someone buys it! Former post office in Napa now for sale http://t.co/2ZeV1Zyttg #preservation,YES
3273,We're about to demolish the other team right after we eat this pizza. We don't need no fitness- Ashton Irwin #MTVHottest 5SOS #5sosquotes,NO
3279,Trying to get higher in the bathroom at work with my pen b4 I go and demolish my food ??????,NO
3290,5000 year old ring fort to be demolished http://t.co/kNLZfC8QSl,NO
3291,Enugu Government to demolish illegal structures at International Conference Centre http://t.co/bq67uDctjc RT,NO
3293,Economic Wisdom ÛÒ Great Economists Demolish Establishment Nonsense http://t.co/H8NKtqU5O9 The Case for #Logic and #Reason,NO
3294,No Shane I'm sorry you are wrong. You were propagating that an all out attack would demolish England #reversal,NO
3298,I promise you @WinningWhit and I could assemble a team to demolish this. https://t.co/RN2MdghfO1,NO
3305,A demolished Palestinian village comes back to life http://t.co/Jsf5OFB3m6 via @wagingnv http://t.co/Hskd5MUosM,NO
3306,Historical Bigfoot Landmark Soon To Be Demolished: The Bluff Creek Resort Store pictured above in 1976 was t... http://t.co/TW0SEv1N6C,NO
3307,"Big Papi just demolished that ball. 

#BOSvsNYY",NO
3310,It was finally demolished in the spring of 2013 and the property has sat vacant since. The justÛ_: saddlebrooke... http://t.co/7FOnHQtlyv,NO
3313,#BananaLivesMatter ... but not more than #HotepLivesMatter thats why ya girl Hotepina just demolished two bananas in 13 seconds flat,NO
3314,It was finally demolished in the spring of 2013 and the property has sat vacant since. The justÛ_: saddlebrooke... http://t.co/MDKV7c3el4,NO
3315,She literally demolished my nap time.,NO
3316,I got my wisdom teeth out yesterday and I just demolished a whole bowl of chicken Alfredo like its nothing...,NO
3321,@Ramdog1980 Israeli soldiers demolished a residential shed and a barn. Soldiers also demolished a shed in Beit Kahel northwest of Hebron.,NO
3325,Starting a GoFundMe page for a new set of rims since i demolished mine last night #helpabrotherout,NO
3326,I really demolished it,NO
3327,They demolished one of my favorite restaurants to put in a Chik Fil A. I hope no one goes there. I hope it tanks.,NO
3330,Six Palestinians Kidnapped in West Bank Hebron Home Demolished - International Middle East Media Center http://t.co/J9UzIIQ3PX,YES
3331,Uttarakhand: Journalist's house demolished who exposed corruption - Oneindia http://t.co/Ro1aWWuDYE,NO
3332,"@ILoveNuiHarime More than that.
Demolished.",NO
3333,Before &amp; After #underconstruction #demolished #Melbourne #Residential #commercial #builder #luxuryhomes #townhouses ?? http://t.co/6iD7CZvMEd,NO
3343,@OpTic_DKarma dude they demolished you!,NO
3344,@danisnotonfire can you fix the 528472 chargers i've demolished,NO
3348,That ball was fucking demolished,NO
3349,It was finally demolished in the spring of 2013 and the property has sat vacant since. The justÛ_: saddlebrooke... http://t.co/bd5B5yffyb,NO
3350,@who_mikejoness I hate seeing the boy get fucking demolished like this,NO
3352,i try n eat healthy but seriously it's like my arms move by themselves n before i know it I've demolished an entire fridge,NO
3353,Real-life 'Up' house set to be saved from demolition by charity http://t.co/rdD5Fe1qyJ,NO
3354,http://t.co/AAffnDCDNq Draw Day Demolition: Daily football selection service that consis... http://t.co/wMu2VUNCKe http://t.co/7K9Rczd2O6,NO
3358,De-watering demolition defends against flooding http://t.co/dTO0ULjxn3,YES
3360,"#Muslim cemetery demolition infuriates cultural groups in #Israel 

http://t.co/vpLZKUidz2",YES
3366,WOW!!! What a show at the Carthage Auto Parts Celebrity Demolition Derby!  Thanks to all the celebrities for putting on such a great event!!,NO
3371,Canberra's Currong Apartments marked for demolition in September http://t.co/ZyRR8DzJx6,YES
3374,General News Û¢åÊ'Demolition of houses on waterways begins at Achimota Mile 7 ' via @233liveOnline. Full story at http://t.co/iO7kUUg1uq,NO
3375,Buzzing: Billy Joel Brings Down the House for Final Show at New YorkÛªs Nassau ColiseumÛ_ http://t.co/Xj3ASw5Okj http://t.co/Epca4OXAq2,NO
3378,Demolition Means Progress: Flint Michigan and the Fate of the American Metropolis Highsmith https://t.co/fj7p8A1hvM,NO
3382,Seattle's demolition-dodging 'Up' house to live on as affordable housing http://t.co/krGNNXj2sA,YES
3384,@Johnny_Detroit Tag Team for me was Demolition.  Awesome intro song scary looking and just destroyed there opponents.,NO
3385,Problem motel nears demolition http://t.co/fKx4IH7kM1 http://t.co/n8VcxGyhQ8,NO
3386,The only demolition 2 be done by Christians is the putting away or throwing out of the flesh &amp; sin - personally. #IntheSpiritWeBuild 2gether,NO
3392,Photo: mothernaturenetwork: SeattleÛªs demolition-dodging Û÷UpÛª house to live on as affordable housing But... http://t.co/szG0HsNJEw,NO
3399,Demolition underway on @OU_Football stadium project. Stay updated throughout at http://t.co/ju09z2y7g0 http://t.co/UP0hOCgGrj,NO
3407,@Hajirah_ GM! I pray any attack of the enemy 2 derail ur destiny is blocked by the Lord &amp; that He floods ur life w/heavenly Blessings,NO
3409,@ALESHABELL GM! I pray any attack of the enemy 2 derail ur destiny is blocked by the Lord &amp; that He floods ur life w/heavenly Blessings,NO
3416,Two trains derail in central India's Madhya Pradesh http://t.co/ijDePwuYNY,YES
3420,Everyone starts a #UX project with the best intentions but common pitfalls happen along the way. Don't let them! http://t.co/48VG4RkSqT,NO
3422,BBC News - India rail crash: Trains derail in Madhya Pradesh flash flood http://t.co/9UFemKfIiv,YES
3424,@QueenBrittani_ GM! I pray any attack of the enemy 2 derail ur destiny is blocked by the Lord &amp; that He floods ur life w/heavenly Blessings,NO
3426,Related News: Here&amp;#8217;s what caused a Metro train to derail in downtown D.C. - Local - The Washington Post |  http://t.co/4AoNQ9vnhs,YES
3427,@PumpkinMari_Bot lemme just derail this real quivk to say. HELL DAMN F,NO
3434,Try @hollyclegg's low-carb summer treats that won't derail a #diabetes meal plan! http://t.co/2c66Dctrg0 #TheDX http://t.co/A6g0aRSztp,NO
3438,@AshleyDniece GM! I pray any attack of the enemy 2 derail ur destiny is blocked by the Lord &amp; that He floods ur life w/heavenly Blessings,NO
3441,HillaryÛªs Bimbo Eruptions and Questionable Financial Dealings Should Derail Campaign http://t.co/kAL1s5mg2z via @politicsisdirty,NO
3442,BCC: Premature interest rates increases could derail the recovery: Commentating on todayÛªs interest rate decis... http://t.co/aftpebIkbO,NO
3443,@vivigraubard of course not. for efforts to address short-sideness beyond not including a graf' would derail obvious backtracking efforts.,NO
3444,Do people even ride Metro any more? http://t.co/Nb8yzecI6i #whywebike #bikecommute #DysfunctionalRedLine #WMATA,NO
3449,@PumpkinMari_Bot lemme just derail this real quivk to say. HELL DAMN F,NO
3453,@CoolBreezeT train derailed at Smithsonian...no passenger train...then my red line train became disabled between FH &amp; Bethesda,YES
3454,.@janeannmorrison: A former Assembly candidate is still waiting for answers http://t.co/Mm5z32vKPC,NO
3456,Interesting to note: Metro train derailed in Washington this morn after going thru interlocking area. One of lines affected by closure 1/3,YES
3457,@FixWMATA @AdamTuss Do you know about path of derailed train? Doesn't make sense. If it was coming from yard why turning at Smithsonian?,YES
3458,Train derailed at Smithsonian Metro. Sidewalks outside L'Enfant mobbed to get on buses @wmata #nightmarecommute,YES
3461,@lizkhalifa no passenger train derailed earlier this morning,YES
3467,".@CBCNorth see photo Old Lady of the Falls (sacred site) RR says derailed Talston power line to diamond mines in 2010
http://t.co/SxlfSNsPH0",YES
3479,'We may be derailed right now but we are going to keep holding on to remain on track' -@kristnmalea #DerailingDistractions,NO
3488,Also there is no estimate of damage yet from #WMATA/#Metro on the six-car train that derailed ~5 a.m. Shuttle service available. @CQnow,YES
3491,Oh a #wmata train derailed. Kind of disappointed how unsurprised I am.,YES
3496,3 cars of #Metro train ready to go into service derailed near #Smithsonian station disrupting service. No injuries. More at noon @wusa9,YES
3502,'@WSJ: How a rare lizard derailed Adani GroupÛªs plan to build a huge coal mine in Australia http://t.co/dkNPK6FbE4 http://t.co/BiVShY4q1b',YES
3507,Google News - A Twin Train Derailment in India Leaves at Least 24 Dead - TIME http://t.co/yf56oK7Pgp #world,YES
3511,@CTAFails PHOTOS from Green Line derailment http://t.co/Y8xFVJAlLr http://t.co/qUUUN88czw,YES
3515,Madhya Pradesh Train Derailment: Village Youth Saved Many Lives: A group of villagers saved over 70 passengers' lives after two train...,YES
3516,#CTA GREEN LINE: All passengers have been evacuated due to a derailment however no service Garfield-Cottage Grove. http://t.co/qePJ0Hwpay,YES
3538,Great photo by the Tribune's Terrence Antonio James after Green Line derailment (no one hurt fortunately) http://t.co/YFavM641OS,YES
3539,Latest : Suresh Prabhu calls Harda derailment a natural calamity; officials feel ... - Economic Ti... http://t.co/6bCIvdaEa0 #IndianNews,YES
3541,CTA Green Line service has resumed after an earlier derailment near Garfield expect delays. @WBBMNewsradio,YES
3545,Green Line trains resume service after South Side derailment: Green Line service has resumed more than four h... http://t.co/dJztc7apf1,YES
3546,Madhya Pradesh Train Derailment: Village Youth Saved Many Lives: A group of villagers saved over 70 passengers' lives after two train...,YES
3547,#Amtrak Rail #Disaster http://t.co/H6Ol73KZJg http://t.co/Qfydu4PVGK,YES
3551,Madhya Pradesh Train Derailment: Village Youth Saved Many Lives,YES
3553,Twitter said bet Tampa &amp;  the over in colorado...gambling twitter will have u broke &amp; desolate be careful lol,NO
3556,'Behold your house is being left to you desolate!' (Matthew 23:38 NASB),NO
3558,who sank all night in submarine light of BickfordÛªs floated out and sat through the stale beer afternoon in desolate FugazziÛªs,NO
3559,"Be appalled O heavens at this
    be shocked be utterly desolate
    says the Lord
for my people have committed two evils:",NO
3561,The Desolate Hope: Part 1: I LOVE THIS GAME: http://t.co/gPrRZdpE4v via @YouTube,NO
3562,"We've become desolate 
Its not enough it never is.",NO
3563,Shaping the to come: multimillion chop local billet frugal else companionate anacrusis production desolate in ...,NO
3564,@VacantLDN this may be a peculiar compliment but I would be incapable of doing my research w/out the desolate headspace your music provides,NO
3571,It's really sad that white people are quick to give money to desolate uneducated black ppl before educated blacks who are productive,NO
3574,@StevieDE83 @roathboy I'm desolate no idea how I'll ever get over it ??#badgeofhonour,NO
3576,The Desolate Hope: Part 3: BATTLE!!!!: http://t.co/mx3HuxnXgX via @YouTube,NO
3577,And the 10 horns which u saw on the beast these will hate the harlet make her desolate and naked eat her flesh and burn her with fire,NO
3579,@WilliamTCooper TY for the follow Go To http://t.co/l9MB2j5pXg BRUTALLY ABUSED+DESOLATE&amp;LOST + HER LOVELY MUM DIES..Is it Murder? Pls RT,YES
3580,@mtnredneck It does when you are searching on a desolate part of the beach with no cell service and a mile away from your car.,NO
3586,Why are you feeling desolate? Take the quiz: http://t.co/j4lM2ovoOs http://t.co/banrVjoTlf,NO
3590,@peregrinekiwi @boymonster I recall CP2020 Australia was a blighted desolate corporate,NO
3599,Now Playing Desolation Wilderness by Kodak To Graph,NO
3600,desolation #bored,NO
3601,I liked a @YouTube video from @iglxenix http://t.co/dcxjIJtyYJ Desolation PvP: Beacon Blast Bombardment 3 (Minecraft Xbox One),NO
3605,Obama 2016? - The Abomination of Desolation' http://t.co/iL4uLhrgTP,NO
3606,Free Kindle Book - Aug 3-7 - Thriller - Desolation Run by @jamessnyder22 http://t.co/PfYH4Tzvk9,NO
3612,The Hobbit: The Desolation of Smaug (#dvd 2014 2-Disc Set Digital Copy) http://t.co/000siJjL3t http://t.co/JlUJsHCvoA,NO
3614,I want to be free from desolation and despair,NO
3615,The Hobbit: The Desolation of Smaug ?? ? atm.,NO
3616,Watching Desolation of Smaug and I always love catching the cameos. Caught Jackson at the beginning and Colbert just now.,NO
3620,#Kids going to #school amidst the #desolation of an #earthquake #aftermath #Love #OlympusÛ_ https://t.co/pqds20yrJs,NO
3622,Hey girl you must be The Hobbit: Part Two: The Desolation of Smaug because|I'm not interestud in seeing you. Sorry.,NO
3624,#NowPlaying  - Lamb of God - Desolation http://t.co/mUYWttEdl6,NO
3630,'I See Fire' Ed Sheeran The Hobbit: The Desolation of Smaug (Cover By Ja... https://t.co/a2aeDAK7r0 via @YouTube,NO
3644,Emotional Desolation the effect of alcoholism/addiction on family - http://t.co/31tGtLz3YA Forgiving is hard http://t.co/1labI2Sg2b,NO
3649,Debate question: The robots have become self aware; do with destroy them thus thrusting the world into a tech-free life or re-enslave them?,NO
3651,@Adz77 You spelled Ronda wrong last night and then again today ;) @RondaRousey she'll destroy you.,NO
3654,Overall the English lads did very well today. They need to pile on and get over 400 runs ahead and destroy...,NO
3665,"JAKE I SWEAR TO GOD IF THEREÛªS ONE MORE GOD DAMN PIECE OF ALGAE IN THE PONDS I AM GOING TO DESTROY ALL THOSE LITTLE FISH.

#momtherbot",NO
3668,People can't destroy you unless you let them.,NO
3671,When something bad happens; you have 3 choices: You can either let it define you destroy you or let it strengthen you.,NO
3672,GOP Plan to Destroy Public Education - Cut Teacher Pay and Even Make Them Buy Their Own School Supplies: Pure Evil - http://t.co/WST2tWqS8D,NO
3673,"But bad people kiss too. Hehe
Their kisses can destroy.",NO
3677,@alexhern he created vr only he can destroy it.,NO
3678,Skate and Destroy em Taguatinga - Campeonatos de Skate http://t.co/xWW9dOPLK9,NO
3687,When people fear you they will try to say and do anything to destroy your #Pride.,NO
3688,It's a real world. No glass shoe. No seven dwarfs. But there's always a villain who wants to destroy your life.,NO
3693,This #NBCTheWiz cast is about to destroy tv sets across the nation!!!!,NO
3698,Media stocks are getting destroyed (DIS FOXA CMCSA SNI AMCX VIAB VIA TWX) http://t.co/dQd3YtaZfG,NO
3699,@Musketeiro I see ISIL destroyed in Iraq in  May 2016. This may help Iraqis help Syrian government against it. But Nusrah and Ahrar not yet.,NO
3701,#TheSun Flood: Two people dead 60 houses destroyed in Kaduna: Two people have been reportedly killed and 60 h...  http://t.co/Aawmx5w9sh,YES
3703,Black Eye 9: A space battle occurred at Star O784 involving 2 fleets totaling 3946 ships with 14 destroyed,NO
3706,@evdaikoku @zjwhitman carp erased justin smith?? Pretty sure he destroyed our leftside,NO
3707,poor dude...he needs him some valerie...lol RT @Otp_destroyed: Dante stuck with KIKI twice in a row????????   #FixItJesus  #GH,NO
3709,(SJ GIST): 148 Houses Farm Produce Destroyed By Flood In Sokoto: About 148 houses were on Saturday destroyed ... http://t.co/vqU1Y31hKU,YES
3711,Soo..he'll be do a bit of repentance for the children's lives they've destroyed and continue to abuse and for... http://t.co/En3hKXQdD9,NO
3714,WHAT a day's cricket that was. Has destroyed any plans I had for exercise today.,NO
3716,Black Eye 9: A space battle occurred at Star O784 involving 2 fleets totaling 3936 ships with 5 destroyed,NO
3720,Flood: Two people dead 60 houses destroyed in Kaduna http://t.co/8H2SP6Ze3o,YES
3728,Remember #Hiroshima destroyed by #Nuclear bomb..an occurrence should never ever happen again yet highly likely recur http://t.co/mB3MJevBb0,YES
3731,HitchBot travels Europe and greeted with open arms. Gets destroyed after two weeks in america. There's a lesson to be learned here.,NO
3732,@m1tchell1987 YOU DESTROYED MEE OKAY? I THOUGHT YOU WERE DEAD! BUT I'M NOT AREN'T YOU GLAD THAT I'M NOT?,NO
3733,19000 homes destroyed in Gaza -- ZERO rebuilt. Join me in busting the blockade! Sign &amp; RT #Gaza #OpenGaza https://t.co/WF9GMhjh2M,NO
3734,@kaytlinmartinez dude those enormous blizzards we destroyed from DQ ??,NO
3740,By havin an ally lyk @AnnCoulter Republican Party is declaring war on all immigrants..deserves 2 b defeated n destroyed.it's a clarion call.,NO
3746,yay the evil is being destroyed! https://t.co/GeTu7SfBJ1,NO
3749,@Warcraft weapon of destruction!,NO
3751,World of Warcraft: Legion Revealed at gamescom: The Burning Legion returns to bring destruction to Azeroth onc... http://t.co/7n9qqkQIl3,NO
3755,@PeterArnottGlas I've written a play about Dr Rae and his destruction by Lady Franklin as it happens.  Commissioned by Mull Theatre,NO
3757,@AirportWatch  Do we need more motorways 2reduce fumes on our present ones. -forget the extra noise &amp; destruction!- https://t.co/USQZ0OTfNe,NO
3762,New RAN report from the frontlines of human rights abuses and forest destruction for fashion.: http://t.co/OmpzUyAsle,YES
3767,@iam_destruction Okay.. I'll put my tail in first.. -He moved to slip it in slowly.-,NO
3769,We should do a hand in the destruction of an INNOCENT young man's life.,NO
3779,Crackdown 3 Destruction Restricted to Multiplayer: Crackdown 3 impressed earlier this week with a demonstratio... http://t.co/ma9LLiKcjk,NO
3781,Russian authorities to take account of petition against destruction of sanctioned food: Vladimir Putin's press... http://t.co/GUvSVPesZU,YES
3782,When life is cheap evil abounds and @PPact @HillaryClinton profit from its destruction.#DefundPP http://t.co/H5rzmAy8lP,NO
3783,The day of death destruction chaos; 60000 to 80000 people were killed instantly. Please take sometime to remember and think about others,YES
3784,He is one of the three survivors of the destruction of Otsuka Village.,NO
3790,Let this stand as evidence of the horrible destruction potentially wrought by our noble species. https://t.co/sNOO8LQtAD,NO
3791,New RAN report from the frontlines of human rights abuses and forest destruction for fashion.: http://t.co/5xyE2Rkuri,YES
3792,Related News: The Bureaucrats Who Singled Out Hiroshima for Destruction - Global - The Atlantic |  http://t.co/Tnex4HUsnp,YES
3794,Crackdown 3 Destruction Restricted To Multiplayer; Co-Developed By Sumo Digital: Crackdown 3 åÊwas definitely o... http://t.co/O4B1KIyx1P,NO
3799,@HJudeBoudreaux Start your car with it! Or use it to detonate an evil henchman!!,NO
3801,Track : Apollo Brown - Detonate ft. M.O.P.  |  @ApolloBrown @BILLDANZEMOP @FAMEMOP http://t.co/GR9q1wvi2n http://t.co/k3rEb7iRlc,NO
3804,"Apollo Brown-Detonate Featuring M.O.P.
http://t.co/JnoE2r2EIN",NO
3808,"Apollo Brown - Detonate (ft. M.O.P.) [Single] http://t.co/S5mU04L2rl
@ApolloBrown",NO
3809,Apollo Brown ÛÒ Detonate feat. M.O.P.: Producer Apollo Brown is proud to present his upcoming album Grandeur wh... http://t.co/pfA0S9ZCUB,NO
3811,Best Moments of Jon Stewart on the Daily Show http://t.co/EOPbXWoZbm,NO
3813,@spinningbot Are you another Stand-user? If you are I will have to detonate you with my Killer Queen.,NO
3817,Audio: Listen/purchase: Detonate (feat. M.O.P.) by Apollo Brown http://t.co/6ZSWtoKsif,NO
3818,@NickKristof Contradictory: 'We should've tried [to detonate on an uninhabited island]' &amp; then 'the alternatives'ÛÓcategoricallyÛÓwere worse,NO
3823,Listen to Apollo Brown - Detonate (feat. M.O.P.) by Mello Music Group #np on #SoundCloud https://t.co/C0Fex1XAlG,NO
3843,@someone92883220 they had to detonate it to determine it was a hoax device. Didn't feel comfortable just opening it.,NO
3844,Track : Apollo Brown - Detonate ft. M.O.P.  |  @ApolloBrown @BILLDANZEMOP @FAMEMOP http://t.co/t9i3pWvjOy http://t.co/76aNr2iocL,NO
3846,Apollo Brown ÛÒ Detonate feat. M.O.P.: Producer Apollo Brown is proud to present his up... http://t.co/3chxB8QbdD :http://t.co/zMh7nebmwY,NO
3847,First Stearns grenade thought to be WWII-era. This one apparently newer. Bomb squad plans to detonate around 8 p.m. http://t.co/qppTQ6oTat,NO
3852,Ignition Knock (Detonation) Sensor-Senso BECK/ARNLEY fits 93-95 Audi 90 2.8L-V6 http://t.co/gOXvNzOUj3 http://t.co/YB3GeEtFbT,NO
3854,Detonation fashionable mountaineering electronic watch water-resistant couples leisure tabÛ_ http://t.co/kY9V0pAjY1 http://t.co/QjqpXIxMxz,NO
3856,Open forex detonation indicator is irretrievable after this fashion a financial airborne controls: SjFEb http://t.co/RzQkzM7rb8,NO
3863,Ignition Knock (Detonation) Sensor-KNOCK SENSOR Delphi AS10012 http://t.co/LArrNhoBsN http://t.co/6YwZWmxFDP,NO
3865,@jcenters No uh-oh it was a controlled detonation.,NO
3867,Ignition Knock (Detonation) Sensor-Senso BECK/ARNLEY 158-0992 http://t.co/tk9HnxZNSl http://t.co/UhBUwbeQ0O,NO
3871,Detonation fashionable mountaineering electronic watch water-resistant couples leisure tabÛ_ http://t.co/GH48B54riS http://t.co/2PqTm06Lid,NO
3872,Detonation fashionable mountaineering electronic watch water-resistant couples leisure tabÛ_ http://t.co/g6hjTj3SDy http://t.co/yydEghGP64,NO
3878,Detonation fashionable mountaineering electronic watch water-resistant couples leisure tabÛ_ http://t.co/RqOvPljpse http://t.co/UhKwVSoWSt,NO
3880,Ignition Knock (Detonation) Sensor-Senso fits 90-96 Subaru Legacy 2.2L-H4 http://t.co/pcCksm1tVM http://t.co/yWzngj7uow,NO
3881,Ignition Knock (Detonation) Sensor-Senso BECK/ARNLEY 158-1028 http://t.co/YszIBvj3cs http://t.co/C9t0cGtjFw,NO
3882,#JerusalemPost WATCH: Israel performs controlled detonation of land mines on Golan Heights http://t.co/01HuX8Y9Gi,NO
3883,Ignition Knock (Detonation) Sensor ACDelco GM Original Equipment 213-296 http://t.co/dBwSPgHhsa http://t.co/1CaLqDwvhw,NO
3884,via Jerusalem Post: WATCH: Israel performs controlled detonation of land mines on Golan Heights... http://t.co/rFB2ft4wX0,NO
3885,Ignition Knock (Detonation) Sensor-Senso Standard KS225 http://t.co/IwrCPmjOah http://t.co/zZMM9xEccW,NO
3886,Ignition Knock (Detonation) Sensor Connector-Connecto Dorman 917-032 http://t.co/Kh973YlMpj http://t.co/N9X3ngu0AM,NO
3890,Link lets you pick a city bomb size and altitude of detonation. Ace! https://t.co/wmW1wqvbR8,NO
3891,WATCH: Israel performs controlled detonation of land mines on Golan Heights - Jerusalem Po... http://t.co/0Y07oA5UeX #israel #israelnews,NO
3898,Obama Declares Disaster for Typhoon-Devastated Saipan,YES
3902,I'm literally devastated right now??,NO
3909,@polishedstone 'Perrie is DEVASTATED' meanwhile....,NO
3910,VAL JUST DIED AND IM ABSOLUTELY DEVASTATED #emmerdale,NO
3912,@yeetrpan I asked if they were hiring and they said not you I was devastated.,NO
3915,Obama Declares Disaster for Typhoon-Devastated Saipan: Obama signs disaster declaration for Northern Marians a... http://t.co/AslUFEKOXN,YES
3918,Thanks @MartinBarrow - and yes definitely something that affects men as well. My husband just as devastated.,NO
3920,Obama Declares Disaster for Typhoon-Devastated Saipan: Obama signs disaster declaration for Northern Marians a... http://t.co/9i6CrCRq2m,YES
3925,@MikeParrActor omg I cant believe they killed off ross he was my favourite character with aaron @DannyBMiller im devastated.  Top acting ??,NO
3928,He was being super bitchy yesterday (cause he felt like pop) and when he's bitchy him and Perla don't play and then Perla is devastated,NO
3929,Actually if I don't see Hunter Hayes and Lady Antebellum perform Where it All Begins live I will be a very devastated person :-),NO
3930,Obama Declares Disaster for Typhoon-Devastated Saipan: Obama signs disaster declaration for Northern Marians a... http://t.co/lEYJwNnAH8,YES
3931,When you cook fresh tagliatelle meatballs and sauce and then manage to spill all the pasta in the sink when draining it. Fucking devastated.,NO
3934,@humblethepoet Lilly's YouTube channel got hacked. She's devastated. We're all worried about her! ??,NO
3939,@MikeParrActor devastated your no longer in emmerdale best character with so much more to give #superbactor your going to be missed,NO
3941,@_Gags_ My Mommy will be devastated lol #NoMorePod,NO
3942,Devastated. Already missing my @coleenlisa.  https://t.co/3p6Xakt7rh,NO
3943,Absolutely devastated ???? no Ross no!! #Emmerdale,NO
3946,Ooh the girl that won actually is meeting the boys im devastated ?????? but congrats to the winner!!! #OTRABaltimore,NO
3963,MPD director Armstrong: when this first happened I cannot begin to tell you the devastation I felt.,NO
3965,#CNNHoTD soccer mom wild swimming handcuffed child teen hookup case nuclear devastation showers Miss Piggy... http://t.co/XG9s40AFtZ,NO
3966,The Dones felt grief bordering on devastation at losing connection with God through their church communities. Packard http://t.co/r2pQQPfqCt,NO
3971,My father walked through the devastation the day after and refuses to speak about it to this day https://t.co/oFu6DANJZC,NO
3972,Despite past devastation fortunately #forgiveness mutual #respect and #peace emerged.  #Remember #Hiroshima and #Nagasaki,YES
3974,ÛÏEven in the midst of devastation something within us always points the way to freedom.Û,NO
3976,"HQhed mhtw4fnet

A sad reminder of nuclear devastation - Washington Post",NO
3978,Devastation Walkthrough Part 11: http://t.co/BOjDByB9YA przez @YouTube,NO
3981,we hid the devastation of what atom caused by not making it mandatory for film of its human suffering be shown &amp; preserved.,NO
3985,Is This Country Latin America's Next 'Argentina': One week ago we reported on the economic devastation in he o... http://t.co/J3rcOflDyA,NO
3986,@nikkihaley Profile in Ambition. Legacy of cultural devastation for attempt at a white house gig. @Reince @gop http://t.co/5cCrnwirFn,YES
3987,At least 18 houses 5 bridges destroyed in flash #floods in #Gilgit-#Baltistan on Wednesday. http://t.co/HSJcR45SIS http://t.co/dQ931ea6Pr,YES
3988,70 Years After Atomic Bombs Japan Still Struggles With War Past: The anniversary of the devastation wrought b... http://t.co/JESoSSDjjH,YES
3991,70 Years After Atomic Bombs Japan Still Struggles With Wartime Past: The anniversary of the devastation wroug... http://t.co/AU6Sm5FaMq,YES
3999,IRIN Asia | Red tape tangles Nepal reconstruction | Nepal | Disaster Risk Reduction | Natural Disasters http://t.co/q7LG6ncf7G,YES
4001,@quinhii I'm the one who started it so I feel like I have so much responsibility bUT NO ONE DOES ANYTHING OTL (a 'national' disaster lol),NO
4002,Trying to route my sister into W. Lafayette from the Indy airport. Suggested I-74 to SR 25 west of Crawfordsville. Hope it's not a disaster.,NO
4004,Time to End the Disaster of Rail Privatisation http://t.co/ksxznPY5gt,NO
4007,Reade this and see how are politicians are leading us to disaster all for the #GreedyRich https://t.co/2bFliBD2sh,NO
4009,paladins is going to be a disaster,NO
4013,#MicrosoftÛªs #Nokia acquisition was an even bigger #disaster than we ever imagined http://t.co/CV0mrisFt3,YES
4015,#OVERPOPULATION Not only R women incapable of keeping their legs together 2 save the world from endless brats they want to RUN the disaster,NO
4016,Harper gets sassed by Albertans after calling NDP government a Û÷disaster' http://t.co/vsMOJyfzDg via @huffpostalberta #HarperBlamesAlbertans,YES
4023,WHAT A DISASTER FOR SECRET  #TI5,NO
4031,Disaster [Chapter 27] https://t.co/EAsxT3y84R http://t.co/CjUFunsDKg,NO
4035,Deepwater drill company gains $735m: Transocean one of the companies associated with BP's Deepwater Horizon oil well disaster recoversÛ_,NO
4036,MicrosoftÛªs Nokia acquisition was an even bigger disaster than we ever imagined https://t.co/4MneTInGXl,NO
4037,Not an electric debut for Severino but not a disaster either. Looking forward to see what adjustments he makes for start #2.,NO
4040,"This Palestinian family was lucky but hundreds are feared dead in the latest boat disaster in the Mediterranean
https://t.co/cT5v3LcNKD",YES
4048,Heat wave adding to the misery of internally-displaced Gazans http://t.co/jW3hN9ewFT via @PressTV http://t.co/NYWrkRQ7Kn,YES
4053,.POTUS #StrategicPatience is a strategy for #Genocide; refugees; IDP Internally displaced people; horror; etc. https://t.co/rqWuoy1fm4,YES
4056,.POTUS #StrategicPatience is a strategy for #Genocide; refugees; IDP Internally displaced people; horror; etc. https://t.co/rqWuoy1fm4,YES
4059,Next up: a charity program for disadvantaged people displaced by the tech boom in SF based on Tinder technology.  https://t.co/yNVz1WrgtN,NO
4066,#mightyworld Thousands displaced after monsoon rains in Myanmar: Tens of thousands of people have been displac... http://t.co/HkSDk89c6C,YES
4067,Angry Woman Openly Accuses NEMA Of Stealing Relief Materials Meant For IDPs: An angry Internally Displaced woman... http://t.co/C1vzJOr2qz,YES
4069,Oof. Vikings took an island off the mainland. The noble house who ruled there got displaced... into my county. Welcome new vassals!,NO
4070,Job event targets displaced Double 8 employees http://t.co/2SJaaDRYdc http://t.co/RovTa5EUQO,YES
4071,It's crazy how far in advance you feel the air displaced by a subway car before the train itself shows up.,NO
4073,#Myanmar  Displaced #Rohingya at #Sittwe point of no return http://t.co/3S8nhaPVCh  #Prison like conditions #genocide IHHen MSF Refugees,YES
4074,Displaced,NO
4075,local family displaced by fire http://t.co/f1nu18CArd via @gofundme  Lets help that family out please,YES
4082,.POTUS #StrategicPatience is a strategy for #Genocide; refugees; IDP Internally displaced people; horror; etc. https://t.co/8owC41FMBR,YES
4090,Try not eating like a fat ass RT @INeedJa_Kadeeja: How much would it cost to have some fat displaced? Asking for a friend.,NO
4099,U.S. in record hurricane drought http://t.co/NratKzyU5E #JustBitching http://t.co/JATvPAT0MO,YES
4102,Drought report lists SE Texas as 'abnormally dry' http://t.co/wBOXpyoZj0 #SETXNews,YES
4106,The Best Drought-Tolerant Perennials http://t.co/AdZONC7Olv http://t.co/ih9iTMhFjZ,NO
4109,El Monte attempts to shed reputation of delinquency in drought - The Pasadena Star http://t.co/2wGOUCOHOu,YES
4110,@MarcVegan @NonDairyKerry true. Also takes 16000 gal water to produce 1 lb hamburger. Drought in Midwest will be chaos,NO
4115,I thought it was a drought,YES
4118,U.S. in record hurricane drought http://t.co/JXOMdLtJ73,YES
4120,New drought monitor showing drought spreads in ETX. 'Severe Drought' in Marion/Harrison Counties. @KLTV7 http://t.co/v8eG2kSLoH,YES
4125,Thought it was a drought!,NO
4126,You can't use as much water in a drought as you can with a flood!,NO
4130,Water conservation urged for North Thompson: B.C. government declares a Level 3 drought level for the North Th... http://t.co/dJ4qw8YfW5,YES
4134,#KondoByJaymOnI U.S. in record hurricane drought http://t.co/fqLSkejWxH #Anticipate,YES
4136,@jonbuda What if the drought is just a giant marketing campaign for Star Wars where they turn California into Tattooine?,NO
4137,U.S. in record hurricane drought http://t.co/Wd4UdSxacq via CNN,YES
4144,I swear theres a bud drought,NO
4148,I'm incredibly sad &amp; heartbroken so I'm just going to drown my sorrows in food &amp; watch tv all night ?? http://t.co/yQiZ2p1rSm,NO
4151,I'm bout to get in the shower an drown,NO
4155,i cant breathe and i feel my throat closing up i want to die let me drown in my own tears please,NO
4162,Need to drown in ice cream??,NO
4165,@dolphfan36 I made it...Didnt drown,NO
4169,@GraysonDolan id drown,NO
4174,@LadyTraining yes I will probably drown her in craft throughout our years but by no means spoiled,NO
4179,Throw me in the deep end watch me drown,NO
4185,I'm gonna drown myself in leftover chilis wishing it was with him lol,NO
4186,I'll let Louis drown me at the water wall by the mall If that makes him smile,NO
4187,drown me in clementines,NO
4188,When I genuinely like someone I REALLYYY like them and I have to hold back or else I'll drown them with affection and attention ??,NO
4190,Fuck around and drown ???? https://t.co/fr5z9WklMZ,NO
4192,absolute drown your Wagyu steak in heaping piles of moist Smuckers Grape Jam,NO
4193,Drown me you make my heart beat like the rain.,NO
4194,@Vanquiishher it can legit drown,NO
4195,Yeah I'm definitely just gonna go drown myself in the pool bc it's just too damn hot inside,NO
4196,@GraysonDolan I'll fall and drown so I think I'll pass,NO
4207,Hundreds feared drowned as migrant boat capsizes off Libya: Hundreds of migrants are feared to have drowned af... http://t.co/bF3OhacB1r,YES
4208,100s of migrants feared drowned after 700 squeeze onto boat in Mediterranean.  http://t.co/lsyPtk18se,YES
4215,Hundreds feared drowned as migrant boat capsizes off Libya: Hundreds of migrants are feared to have drowned af... http://t.co/Cbhe0eXIRA,YES
4217,Hundreds of migrants feared drowned off Libya: http://t.co/RTx4O0SIyH #news #bbc #cnn #msnbc #nyt #tcot #tlot #waar #ccot #ctot #p2 #ap,YES
4222,You're getting drowned out yet I still search for you.,NO
4223,Hundreds feared drowned as migrant boat capsizes off Libya http://t.co/U8H5s8oPs5 #NLU,YES
4226,@oilersjaysfan how's the rain have you drowned yet?,NO
4228,Jeff was bullied Sally was raped Ben was drowned Hoodie was betrayed LJ was abandoned EJ was a sacrifice Lost S.. (http://t.co/mFl7jzspOu),YES
4229,Tried my 1st #beastburger by #beyondmeat.  nowhere near what i thought based on hype. Drowned in ketchup wasnt bad but w/dijon it sucked.,NO
4231,#dw_english Hundreds feared drowned as migrant boat capsizes off Libya: Hundreds of migrants are feared to hav... http://t.co/i9HW0qZoVy,YES
4234,pretty sure i almost drowned 26 times in the pool today thanks to abrianna,NO
4236,@BenWunsch I ALMOST DROWNED AT SEA,NO
4249,Having such a hard time with everything im drowning literally,NO
4254,Boy saves autistic brother from drowning: A nine-year-old in Maine dove into a pool to save his autistic broth... http://t.co/pihUIaOR5O,YES
4258,Family mourns drowning of 'superhero' toddler with rare epilepsy: Bradley Diebold suffered hundreds of epilept... http://t.co/aSAn4yGd48,NO
4259,If you told me you was drowning. I would not lend a hand!,NO
4263,@TinyJecht Those eyes.. desperate like a mouse drowning in a septic tank.,NO
4267,and no one knows that i'm drowning and i know that i can't fcking survive,NO
4277,I have the experience performing cpr on a actual drowning victim.,NO
4278,The Drowning Girl by Caitlin R. Kiernan Centipede Press Signed numbered Limited - Full reÛ_ http://t.co/CBaXj72lVC http://t.co/s9wXIDItJh,NO
4280,The Drowning Girl by Caitlin R. Kiernan Centipede Press Signed numbered Limited - Full reÛ_ http://t.co/2zJcfAzs2N http://t.co/jAAvvwDOZ6,NO
4283,AND I'M DROWNING IN THE DÌäJÌÛ VUUUUU WE'VE SEEN IT ALL BEFOOOOOOOORE,NO
4285,Boy saves autistic brother from drowning: A nine-year-old in Maine dove into a pool to save his autistic brother from drowning,NO
4286,Boy saves autistic brother from drowning: A nine-year-old in Maine dove into a pool to save his autistic brother from drowning,NO
4287,The Drowning Girl by Caitlin R. Kiernan Centipede Press Signed numbered Limited - Full reÛ_ http://t.co/eOMdGhraLg http://t.co/i4SG3nvGp8,NO
4290,Migrants drowning - we will be erecting monuments 100 years from now and shed tears for the most powerful nations' greed of letting them die,NO
4291,Drowning doesn't sound half bad rn,NO
4294,Boy saves autistic brother from drowning #NewsVideos http://t.co/8NZt51ew14,NO
4302,OH SHIT DUST'S STORM ATTACK AND FIDGET'S BULLET THING MADE SOME CRAZY RICOCHET ATTACK,YES
4308,The dust storm chase scene is pretty damn cool. #GhostProtocol,YES
4310,New Mad Max Screenshots Show Off a Lovely Dust Storm Combat... #pc  #gamescom http://t.co/Qq1yW0brsR,YES
4311,recent project (Dust Storm ). :) http://t.co/jmj9izVvzO,YES
4315,Photo: susfu: Dust storm rolling onto the base by cptesco August 03 2008 at 09:39PM http://t.co/ekkruDQzbv,YES
4316,New Mad Max Screenshots Show Off a Lovely Dust Storm Combat Magnum Opus: New Mad Max screenshots have beenÛ_ http://t.co/l8dh8KLRKR,NO
4319,@christinaperri #askceeps have you seen @colinodonoghue1 in his new movie trailer for The Dust Storm?,NO
4331,Photoset: hookier: New stills from The Dust Storm (x) http://t.co/h8YjcFG8hv,YES
4338,@whatupdave Headline in 2075 'Dust Storm on Mars Destroys 1% of Money Supply',YES
4339,Pickathon dust storm is sadly over but we have @sunsetballard in Seattle tonight to look forward to w/ @tomonakayama http://t.co/RtgGzWCAix,YES
4340,Kids Disappear in Dust Storm in Atmospheric Aussie Thriller http://t.co/iR7VaxehEW RT @Newz_Sacramento,YES
4344,No storm lasts forever the dust must settle truth will prevail. http://t.co/1cjyfY8iXj,YES
4346,A dust storm in Pheonix. http://t.co/AMgfOnzUSD,YES
4347,NASA MODIS image: Dust storm over Morocco and the Straits of Gibraltar http://t.co/Q1jBreEsXv #duststorm,YES
4360,USGS EQ: M 1.9 - 5km S of Volcano Hawaii: Time2015-08-06 01:04:01 UTC2015-08-05 15:04:01 -10:00 a... http://t.co/3rrGHT4ewp #EarthQuake,YES
4364,#Earthquake of M 2.9 - 140km W of Ferndale California http://t.co/8t8oSCs4w7,YES
4367,@lizXy_ IMAGINE IF AN EARTHQUAKE HAPPENED,YES
4369,#Children traumatised after the Nepal earthquake are educated on coping mechanisms.   http://t.co/UbwDBydK1a,YES
4370,Manuscript suspiciously rejected by Earthquake Science Journal could rock your world https://t.co/6vBQEwsl1J viaYouTube,NO
4371,@GreenLacey GodsLove &amp; #thankU my sister for RT of NEW VIDEO http://t.co/cybKsXHF7d The Coming Apocalyptic US Earthquake &amp; Tsunami,NO
4380,5.3 #Earthquake in South Of Fiji Islands. #iPhone users download the Earthquake app for more information http://t.co/V3aZWOAmzK,YES
4386,#USGS M 1.9 - 15km E of Anchorage Alaska: Time2015-08-06 00:11:16 UTC2015-08-05 16:11:16 -08:00 at epicen... http://t.co/HkIiPyX5jL #SM,YES
4389,1.57 magnitude #earthquake. 27 km from #Ramona CA #UnitedStates http://t.co/ZtOlVGkDuk,YES
4390,1.9 magnitude #earthquake. 16 km from Anchorage AK #UnitedStates http://t.co/wVu08yJGOK,YES
4394,#SISMO ML 2.0 SICILY ITALY http://t.co/vsWivoDCkL,YES
4399,@maeisdumb WHOAHAHAHAHHDJS electrocute me....,NO
4400,hmm what if I've already met my special someone but i dnt even know it ??????,NO
4404,Wish I didn't just electrocute myself 4 times in 30 seconds ??,NO
4409,Wish I could buy a device that would electrocute me every time I went to eat something unhealthy....Eat so much shit.??????????,NO
4414,Photo: weallheartonedirection: I wouldnÛªt let David electrocute himself so IÛªm the asshole http://t.co/nC2d6IRm2u,NO
4417,stay with me - sam.smith,NO
4418,So that it'll electrocute somebody's ass baa...No thank you https://t.co/x7P1xaBWTz,NO
4419,I feel like I would actually electrocute myself if I tried this  https://t.co/FgKpYTiKtI,NO
4420,drinking pepsi im afraid i might spill some and then my headphones electrocute me.,NO
4422,SPOILERS: your phone does not have the power to electrocute you if dropped in the bath,NO
4429,Morning Metro Late train? Check. Crazy guy who tells people the doors will electrocute them? Check.,NO
4431,I broke my charger. Hella trying not to electrocute myself and die rn ????????,NO
4433,Eh it's the Macy's Thanksgiving Parade tomorrow! I'll be done. I'll still electrocute your email now!,NO
4434,Do you remember when I suddenly electrocute you to death with my fox powers? Ha. Ha. Ha. Ha. Ha. Ha. Because I do.,NO
4439,#KCA #VoteJKT48ID JoelHeyman: My loose understanding is: @ 750k subs AH will electrocute then eat Michael. Don't want 2 influence anythinÛ_,NO
4443,"Why can't robots have a shower? 
Answer: Because they will electrocute themselves!",NO
4446,of electricity he had wire and a golf ball hooked up to catch a bolt of lightning and electrocute it you're not my brother I can tell. The,NO
4447,Photo: weallheartonedirection: I wouldnÛªt let David electrocute himself so IÛªm the asshole http://t.co/wIabcyParM,NO
4453,I've had electrical tape wrapped around my charger for like 2 months bc I don't want to get electrocuted :))))) http://t.co/Fb3Do910FC,NO
4460,Almost electrocuted myself ??,NO
4461,South Side factory where worker electrocuted pays $17000 penalty #Columbus http://t.co/nSGWiCYXFT,YES
4462,When you realize you could have been electrocuted last night because you grabbed this in the dark.  How??? http://t.co/RJRoZMjF2n,NO
4467,"Fish stand-up
'So what's up with whale sharks? They whales or sharks?'
*Silence*
'Is this thing on?'
*Flicks mic. All fish get electrocuted*",NO
4469,South Side factory where worker electrocuted pays $17000 penalty http://t.co/PENJHc4ZCx #Columbus #Ohio #news,YES
4473,My brother just got electrocuted from the plug socket ????,NO
4474,Got electrocuted by the mosquito killer. #boomshunga,NO
4475,@EllaEMusic_ You should have just simply let on that you had electrocuted yourself while plugging in your phone charger. It works for me...,NO
4477,@philadper2014 They would all get #Electrocuted !!!!!!!!!,NO
4481,Beware! Dont use your earphones while your phone is charging. You might be electrocuted especially when your ears are wet.,NO
4483,short hair probs: i can never look cute with bedhair anymore i just look like an electrocuted vagrant,NO
4484,@hairdryer180 you'll get electrocuted,NO
4485,@SHGames Please fix the problem where zombies disable your Eco suit and the floor is electrocuted so u die auto magically plz,NO
4495,I hope I get electrocuted today at work,NO
4497,#IWouldntGetElectedBecause Oh I certainly would esp if there were any live wires...wait that's elected and not electrocuted!  Never-mind!,NO
4500,Emergency Garage Gate Repairing Services 11211 NY: Our Offerings: UAC Entrances Brooklyn agent in the set up o... http://t.co/WMqOZ81R43,NO
4501,Motors Hot Deals #452 &gt;&gt; http://t.co/vcaptRnmIE MANUAL TRANSMISSION SHIFT KNOB+BOOT+EMERGENCY HAND BRAKE HANDLE 5Û_ http://t.co/S2ltphTGTJ,NO
4502,11000 SEEDS 30 VEGETABLE FRUIT VARIETY GARDEN KIT EMERGENCY SURVIVAL GEAR MRE  - Full reaÛ_ http://t.co/VE78djgHa5 http://t.co/ugubwRPQFP,NO
4505,?????? EMERGENCY ?????? NEED PART 2 and 3!!! #NashNewVideo http://t.co/TwdnNaIOns @Nashgrier 103,NO
4506,No matter the dilemma emergency nor set-back; The Righteousness of JAH shall prevail! http://t.co/n0tIy7SU1C,NO
4510,11000 SEEDS 30 VEGETABLE FRUIT VARIETY GARDEN KIT EMERGENCY SURVIVAL GEAR MRE  - Full reaÛ_ http://t.co/OH4YSttyCo http://t.co/X8Kv8tZZE8,NO
4512,Survival Kit Whistle Fire Starter Wire Saw Cree Torch Emergency Blanket S knife  - Full reÛ_ http://t.co/8pFMSYPg5B http://t.co/nETYdvtLnb,NO
4513,RN / Registered Nurse / ER / Emergency Room - Supplemental Health Care: (#Modesto California ) http://t.co/YiYspjLKZO #Nursing #Job #Jobs,YES
4532,Job now are only in case of emergency.,NO
4535,@StephGHinojosa hey my mom said to tell your dad to call her ASAP. it's an emergency.,NO
4536,Leaving back to SF Friday have not packed one single thing 911 emergency,NO
4540,Emergency hop kit? ;) jk  https://t.co/MkbQ2YE4Wq,NO
4545,Be safe and be prepare from emergency kits to evacuation. Alertness esp women and children who are also @gmanews  https://t.co/3GALBowItN,NO
4552,Municipal Emergency Plan deactivated! Crisis averted.  https://t.co/37L4qUAAVu,YES
4554,Calgary takes another beating from summer storms; City activates emergency plan http://t.co/4oi9hMo7om,YES
4555,"119 Sri Lanka's 'Emergency' Line. 
Busy for the past 30 mins. 
Suppose I need to plan my emergencies better. #SL #RT",NO
4558,Calgary takes another beating from summer storms; City activates emergency plan: It was another day of watching theÛ_ http://t.co/240ZLieBrk,YES
4559,@go2MarkFranco I spoke w Caleen Sisk. If #ShastaDam gets funded through Cali Emergency Drought Act I plan on doing story wfocus on Winnemem,NO
4560,New Blog Post Emergency-response plan helps employees get back to productive work http://t.co/Eu21N1G1ZX,NO
4566,Emergency-response plan helps employees get back to productive work http://t.co/tXQZN6GTHa @BusInsMagazine,NO
4570,@660NEWS @cityofcalgary I picture Nenshi &amp; Jeff as the Wonder Twins. 'Municipal Emergency Plan -Activate!',NO
4572,Do you have an emergency drinking water plan? Download guide in English Spanish French Arabic or Vietnamese. http://t.co/S0ktilisKq,NO
4574,I liked a @YouTube video from @prosyndicate http://t.co/mLvBg6sEka Minecraft: Hunting OpTic - Emergency Exit Plan! (Episode 13),NO
4581,Calgary takes another beating from summer storms; City activates emergency plan http://t.co/u59DmRnlTK,YES
4583,Calgary takes another beating from summer storms; City activates emergency plan #yyc #abstorm http://t.co/iQIXjtUEwH,YES
4586,Calgary takes another beating from summer storms; City activates emergency plan: Calgary Airdrie Okotoks and... http://t.co/i7QX4hAz6R,YES
4591,Storm prompts activation of City of Calgary's Municipal Emergency Plan: As the City of Calgary remains under aÛ_ http://t.co/7jcR8REgUv,YES
4594,@KimAcheson @ScottWalker / Emergency Room can not refuse you service &amp; you can do a payment plan.,NO
4603,Call for Tasmania's emergency services to be trained in horse rescues http://t.co/q9OXqfdGwX #abcnews,NO
4605,This #Nursing #job might be a great fit for you: RN Nurse Shift Manager Emergency Services - Full Time... - http://t.co/T71ekcPmWL #Hiring,NO
4612,Ballina emergency services have again been activated following a shark sighting of what has been described as two... http://t.co/Eu5tKTptpW,YES
4613,Call for Tasmania's emergency services to be trained in horse rescues http://t.co/zVQwLpScSC,YES
4615,@GeneFMyburgh @crimeairnetwork and in a week they will protest service delivery and lack of emergency services #ThisIsAfrica,NO
4618,Human Resources Processes Streamlined Insofar as Emergency Services Organization...AbboG,NO
4621,@Jinxy1888 Genius economist! Let's double pay of all emergency services military teachers etc to that tube drivers #PayForItHow #tubestrike,NO
4623,"A mended finger
When a finger is cut there is an immediate reaction from the bodyÛªs emergency services occurs:
Û¢... http://t.co/UwmPRV0UD5",YES
4626,When you say call dad but your phone dials emergency services..... #awesomejobsiri,NO
4629,Emergency Plumber Emergency Plumbing Services. #plumber #localplumber #Australia https://t.co/V3LZWkqSO7,NO
4633,@mickbland27 It is disturbing! Emergency services &amp; first responders should work together not slander try &amp; get each other killed.,YES
4636,We're #hiring! Click to apply: Registered Nurse - Emergency Department PEDS Fellowship (FTE .9 Night) - http://t.co/AmCMCltkKC #Nursing,NO
4638,Get Emergency Edmonton Locksmith Services  in Edmonton Canada business name: 'I got locked out' http://t.co/GPH5vgaYiY #locksmith #Edmonton,YES
4640,Providence Health &amp; Services: Registered Nurse - Emergency Department PEDS Fellowship... (#Anchorage AK) http://t.co/vz4RPCfTRm #Nursing,NO
4643,Can you recommend anyone for this #Nursing #job? http://t.co/xXwm544ygf #Antioch CA #Hiring #CareerArc,NO
4645,We're #hiring! Click to apply: Staff Registered Nurse - Emergency Services (0.9 FTE Evening) - http://t.co/hhiUzIeLtr #Job #Issaquah WA,NO
4647,@bodminmoor1 experienced the expertise of some of Cornwalls finest emergency and rescue services!,NO
4648,@snackwave_julie When You Are Engulfed in Cake #LiteraryCakes,NO
4651,Why are you engulfed by low self-image? Take the quiz: http://t.co/JAJFxaOemp http://t.co/FUjvF6foaR,NO
4652,Become so engulfed in your own success- you forget it ever happened.,NO
4653,He came to a land which was engulfed in tribal war and turned it into a land of peace i.e. Madinah. #ProphetMuhammad #islam,NO
4654,Tube strike live: Latest travel updates as London is engulfed in chaos - http://t.co/wrMSpcpml3 http://t.co/nWolqktxaf,YES
4660,Do you feel engulfed with low self-image? Take the quiz: http://t.co/kcpgAy4FlJ http://t.co/BZqC6JuAix,NO
4662,Do you feel engulfed with low self-image? Take the quiz: http://t.co/2wFQctN62v http://t.co/j4PmcEc4xh,NO
4663,Do you feel engulfed with anxiety? Take the quiz: http://t.co/Um6weIUjyW http://t.co/Fm92uk6Yp2,NO
4665,@FlameCored colliding with her projectile as a cloud of smoke engulfed the area. Not a moment later Shadow propelled himself through it --,NO
4668,Society has become so engulfed in capturing every moments and sharing it  it takes the fun out of moments that should be intimate.,NO
4676,'Sometimes I close my eyes and picture what this world would be like if it were engulfed in flames.' #Bot,NO
4683,Men escape car engulfed in flames in Parley's Canyon crews investigating cause - http://t.co/1TVFfba95l http://t.co/ALjwAWkxPj,YES
4685,#Tubestrike live: Latest travel updates as #London is engulfed in chaos - Telegraph http://t.co/AFzJamLFe6,YES
4686,Why are you engulfed by low self-image? Take the quiz: http://t.co/7V7YTEjL3J http://t.co/xJJU7MEN8f,NO
4701,LIVE on #Periscope: Wild Wing Epicentre https://t.co/U2fUK072F9,NO
4718,guy next to me walks into our tiny office room with the fishiest smelling lunch ever. EVACUATE,NO
4721,@crown_769 I'd rather have an ass in fire. At least I'd know whatever I eat will evacuate. Heartburn sticks around.,NO
4727,SALHA(1):HARRY STYLES(2)U KNOW WHERE IS UR P_EOPLE#HURRY#EVACUATE THEM FROM#HELL.#JUST SHAHADA&amp;'PICK#ME'.#CLASS_SICK http://t.co/UpdDVr6jva,NO
4728,ISIS are deploying their troops to other battle grounds since deal with Turkey to evacuate buffer zone areas hence moving fronts to Assad.,NO
4733,What if the fire up in the Catalinas gets worse and we have to evacuate the area. Aka no school tomorrow,YES
4741,MY DOG JUST FARTED EVACUATE THIS FUCKIN ROOM DISGUSTING ASS BROOM LOOKIN ASS,NO
4743,my father fucking died when the north tower collapsed ON HIM as he was trying to evacuate more people from the building.,NO
4746,@yourgirlhaileyy leaveevacuateexitbe banished.,NO
4751,Just had to evacuate the 100 Oaks Regal theater. I've never been more terrified.,NO
4756,Town of Roosevelt Washington ordered to evacuate again as fire worsens http://t.co/Xkh5s1DR8d,YES
4761,@misschaela_ not yet.  Everywhere else except us and like a few other shops like Panda are evacuated but they haven't come for us yet.,NO
4763,UPDATE: Evaucation order for Roosevelt WA has been lifted: http://t.co/2NV0wHDLut,YES
4764,Chemical spill at GR water plant contained and water supply OK. @KocoMcAboy asked plant officials what happened: http://t.co/FHPLkEX3oK,YES
4767,A house was evacuated in Orakei after a bank collapsed and trees were felled by strong winds in Auckland ... http://t.co/UCuCmKypdN #NZ,YES
4772,Chesterfield apartment complex evacuated because of fire #STL http://t.co/MIq39IOK3U,YES
4776,Gold Coast tram evacuated due to broken powerlines http://t.co/hJqbA42iY9 #Local NewsbrokenEmergency ServicesGold CoastpowerlineTramTr,YES
4780,"So many fires in NorCal they can't fight some of them. 

Pray for our firefighters air tanker pilots support crews &amp; evacuated people.",YES
4781,#FortitudeValley unit damaged and residents evacuated after fire broke out after 7am this morning #7News http://t.co/8iZgxCeLcc,YES
4792,Family evacuated after weather bomb http://t.co/2A4z8pmvVE,YES
4796,Grass fire burns past Roosevelt Wash. prompts evacuation http://t.co/BSuDXCPrSG #fire #firefighter,YES
4801,Green Line train derails on South Side passengers safely evacuated CTA says http://t.co/w6F7ZiS3KA http://t.co/t7L8jCjyq3,YES
4804,Why does the secret bunker used by Cheney during 9/11 look like it was catered when ktchn staff had been evacuated?,NO
4805,Valley building evacuated after fire http://t.co/nyqF8GqMzg #queensland,YES
4806,13000 evacuated as California firefighters fight flames to save homes: CLEARLAKE OAKS Calif. ÛÓ Wildfires lik... http://t.co/xwBYeaOWMw,YES
4811,Pelling hotels: no strings concealment from straight a rejuvenati???ng evacuation day: pqhaxp,NO
4815,my school is so fucking dumb they just set off the evacuation sirens on accident,NO
4816,How an anatomic mother helps up-to-the-minute remodeling high evacuation hospital: IaAvRoIV,NO
4817,FAAN orders evacuation of abandoned aircraft at MMA http://t.co/5RXI47gCAj #NEWS @TodayNGR,YES
4818,Even tho Im getting 40%money back due 2 veld evacuation nothin could make up for missing @DVBBS @HARDWELL @aboveandbeyond #stillnotoverit ????,YES
4822,You'll neediness so taste up and down ulcerated waggon evacuation cornwall: bNVfDAg,NO
4824,Do you know your hurricane evacuation route? Find it here: http://t.co/mWMVIcdW9O,NO
4827,The EFAK would be designed for building occupants once they evacuate and report to their evacuation assembly sites,YES
4837,Evacuation drill at work. The fire doors wouldn't open so i got to smash the emergency release glass #feelingmanly,NO
4838,KCEM Jeff King reports a level 3 evacuation east of Roosevelt from Whitner rd to the county line between SR14 &amp; Hale rd.,NO
4839,#MadRiverComplex #CA #CASRF http://t.co/hjWLDCLiE4 Mad River Complex: Evacuation Advisory for Swayback Ridge Area,YES
4841,@CALFIRE_PIO Being prepared is crucial but returning to homes after evacuation only to find them robbed is criminal! #WillowFire,NO
4851,Survey: 52% of medical care facilities near nuclear plants lack evacuation plans http://t.co/vLMmCdPkRo,YES
4855,Evacuation order lifted for town of Roosevelt - Washington Times http://t.co/Kue48Nmjxh,YES
4861,@wyattmccab you'd throw a can of Copenhagen wintergreen on the ground that would explode on your enemies and give them mouth cancer,NO
4862,my damn head feel like it's gone explode ??,NO
4863,happy Justin makes my heart explode,NO
4865,Vanessa was about to explode! This is what she wanted to say to Shelli. Their alliance will survive. #BB17 #BBLF http://t.co/rypGKScHng,NO
4871,My ears are gonna explode smh,NO
4873,Some guys explode ??,NO
4880,@magicallester I will die. I'm actually being serious. My heart will beat so fast it will fly out off my chest &amp; explode,NO
4885,Facebook Influence 2.0: Simple strategy to explode your Facebook page and create moreÛ_ http://t.co/rWPRtMIbHl,NO
4886,im sooooooo full my stomach is going to explode,NO
4902,I need a follow before I explode @GraysonDolan,NO
4904,I feel like I'm going to explode with excitement! Wonder begins within the hourÛ_Û_ https://t.co/zDZJ5kRbzr,NO
4907,Twitter will explode...light the match @realmandyrain,NO
4916,The fact checking machine must have exploded today following @POTUS #IranDeal speech.,NO
4921,#Aphid population in #NorthIowa has exploded in last 4 days! http://t.co/cw6jxYVbNj #FromTheField,NO
4925,@Alltheway80s I had a similar thing with John carpenters 'the thing' one girl threw up when the dogs 'exploded',NO
4927,And bleach your skin after touching that thong.*shudder* That and all the boudoir outfits. My eyeballs are bleeding &amp; my brain has exploded.,NO
4928,Holy hell the bathroom on car 649 smells like is exploded... @Metrolink,NO
4930,"that exploded &amp; brought about the
beginning of universe matches what's
mentioned in the versethe heaven and Earth
(thus the universe)",NO
4932,Our electricity just fucking exploded they're trying to fix it now,NO
4933,I didn't even know pens still exploded like that...ink everywhere,NO
4937,#news #science London warship exploded in 1665 because sailors were recycling artillery cartridges: A dive to ... http://t.co/r4WGXrA59M,YES
4939,At this moment 70 years ago (local time) the 'Little Boy' atomic bomb exploded over Hiroshima instantly killing at least 70-80000 people.,YES
4941,I can't take advantage of Smith Micro's deals right now because exploded car (hint hint shironu_akaineko AT... http://t.co/qbCTxPwhYP,NO
4942,The tap in the bath exploded and now it looks like someone shit in the bath. I love how great our plumbing is!????,NO
4947,If that was ronaldo Twitter would have exploded,NO
4949,"that exploded &amp; brought about the
beginning of universe matches what's
mentioned in the versethe heaven and Earth
(thus the universe)",NO
4950,@rickoshea @AnthonySHead @NicholasBrendon @DublinComicCon @RTE2fm WHATTT? Oh wow my fangirl head has exploded in a mess of crap everywhere,NO
4956,@marymc21 ahhhh I'm just being a baby. My car's engine kinda sorta exploded and we're trying to find a solution,NO
4960,Fun. Hobby Lobby exploded in this home. http://t.co/TT5L40sjaI,YES
4963,Hp lto-5 lump together warehouse information explosion is more than one divestment able: PMngiqy,NO
4965,GAElite 0    Explosion Greg 1 [Top 2nd] [0 Out] [0 balls] [0 strikes] ... No one on [P: #16 Morgan Orchard] [B: ],YES
4976,New Explosion-proof Tempered Glass Screen Protector Film for Blackberry Z10 - Full read byÛ_ http://t.co/LgbhdFYrwq http://t.co/9qV8glZSwV,NO
4977,New Explosion-proof Tempered Glass Screen Protector Film for Blackberry Z10 - Full read byÛ_ http://t.co/u1RKPJ3Cbc http://t.co/sJtxhtx71q,NO
4987,This whole podcast explosion thing has been weird. Just replied to a YouTube comment for the first time in... Ever. What is happening?!,NO
4991,Ahead of Print: A New Paradigm of Injuries From Terrorist Explosions as a Function of Explosion Setting Type.:... http://t.co/tqQc3yxBoR,YES
4994,I liked a @YouTube video from @shawlarmedeai http://t.co/NN4fY1WBxf Easy Natural Bride makeup tutorial Makeup explosion Ft ABH Shadow,NO
4999,@MrBrianORL at least they didn't try and put a straw in the liquid one #Explosion,NO
5003,1 injured in Naples boat explosion http://t.co/89lcTH3Sx1,YES
5006,I liked a @YouTube video from @theblacklink http://t.co/Ac8P9HJH2q Game Informer Taken King News Explosion Part 1! | Destiny PS4 |,NO
5009,RASaudAuthor: #Pyrotechnic #Artwork by #CaiGuoQiang Explodes into a Blossom on the Steps of the #PhiladelphiaMuseuÛ_ http://t.co/pJE607uXlp,NO
5011,Hero of capitalism: Sprint employee promotes Sprint while Fox News interviews him as a shooting eyewitness: https://t.co/DtRPhCTmJx,NO
5012,Read an eyewitness account from #Hiroshima on Aug. 6 1945 http://t.co/sbIP9g52YQ Mankind's worst invention.,YES
5014,DK Eyewitness Travel Guide: New Zealand http://t.co/AgQgrowj7Y,NO
5020,Baseball: Eyewitness Accounts: August 6 2015 by Jeff Moore Wilson Karaman and Brendan Gawlowski: Eyes on Mi http://t.co/H4ZOZqLpE7 #sport,NO
5021,COOL: @NASA captures 'dark side' of the moon which is never visible from Earth http://t.co/qKP30b4ag2 #EyewitnessWV http://t.co/N3hgJSYVO2,NO
5023,#Fracking #Ecocide Eyewitness to Extreme Weather: 11 Social Media Posts that Show Just How Crazy T... http://t.co/dEdDH8Rme8 #Revolution,YES
5026,@EdmundAdamus @CampionJoanne Pres Carter's notes in '79 meeting w/ JPII show Latin on his mind http://t.co/7nt13HIrTK http://t.co/4gCmQ4oWen,NO
5030,Marked as to-read: DK Eyewitness Travel Guide by Richard Sterling http://t.co/oEoKD4KiqH,YES
5031,How 'Little Boy' Affected the People In Hiroshima - Eyewitness Testimonials! - https://t.co/5x5hSV5sKO,YES
5036,Cape Town: Thousands living on Cape Town's streets - Eyewitness News: Eyewitness NewsThousands living on Cape ... http://t.co/nAo6EWCPK2,NO
5042,With all due respect @RepMikeRogersAL y would u completely disregard ALL eyewitness accounts on Benghazi? #WereNotGruberVoters. #PJNet,NO
5045,Dutch crane collapses demolishes houses: Dramatic eyewitness video captures the moment a Dutch crane hoisting...  http://t.co/8PpZNGYAqE,YES
5048,Dutch crane collapses demolishes houses: Dramatic eyewitness video captures the moment a Dutch crane hoisting... http://t.co/AJHKfh4e7G,YES
5051,http://t.co/B7Iu2lpfXs: Eyewitness to ExtremeåÊWeather http://t.co/dYx2jr6ckP,NO
5053,UPDATE: A GOP-controlled Senate committee has approved legislation to block the Obama administration from putting... http://t.co/Jg6B0vfl5R,NO
5054,'Things got heated. Busta splashed water on him and the employee threw water back' one eyewitness said. http://t.co/GoXwT8PG0B,NO
5057,DK Eyewitness Travel Guide: Denmark: travel guide eBay auctions you should keep an eye on: http://t.co/7Tcs1ePOrQ,NO
5058,QUESTION OF THE DAY: It has been proven that eyewitness accounts are not always very reliable. Does this... http://t.co/2I4brtSh93,NO
5066,http://t.co/tcXRtfaPZa Russian 'food crematoria' provoke outrage amid crisis famine memories http://t.co/eT9xxfdJnM,YES
5070,'Russian 'Food Crematoria' Provoke Outrage Amid Crisis Famine Memories' by REUTERS via NYT http://t.co/jbYjbQEoiK #Ukraine,YES
5077,Ukraine famine memorial in progress since 2006 goes up in Washington: http://t.co/Td7VIEoODi,YES
5081,#IntlDevelopment Ukraine Famine Monument Erected In Washington: Û_ who perished in the Ukraine famine of the 19...  http://t.co/nUPy6EPAWn,YES
5084,"@WuckForld @LioniskingRTAC To be alive even a heroic
Famine drink look out",NO
5086,So shameful and tragic.. http://t.co/5p1e40qkGV,NO
5090,#Ukraine #Kyiv #News Radio Free Europe/Radio Liberty: Ukraine famine monument erected in ... http://t.co/ME5u1YqH4i #Kiev #Ukrainian #Ua,YES
5091,"NONSENSE &gt;&gt; famine memories  -- strong exaggeration of Ukrainian MSM
#ukraine #russia #?????????? #sanctions https://t.co/dDOTd7W2o8",NO
5093,I would rather dwell in the land of famine and be in God's perfect will than to rest in the confines of Egypt... http://t.co/P14oePCrW0,NO
5100,Miners strike; Botha Apartheid SA Tutu Nobel prize; IRA bomb Brighton  Famine in Ethiopia. '84 feels like yesterday http://t.co/UZKssvj9CW,YES
5108,Russian 'food crematoria' provoke outrage amid crisis famine memories http://t.co/kZYvMnqHy7 via @Reuters,YES
5111,Protesters mark year since fatal police shooting in Wal-Mart (from @AP) http://t.co/3KbeJGmj0d,YES
5112,Police investigate fatal shooting on 71 Highway http://t.co/0KJjdaOJHI,YES
5118,Success is not final failure is not fatal.It is the courage to continue that counts - http://t.co/gRTHlAACfV,NO
5121,11-Year-Old Boy Charged With Manslaughter of Toddler: Report: An 11-year-old boy has been charged with manslaughter over the fatal sh...,YES
5123,11-Year-Old Boy Charged With Manslaughter of Toddler: Report: An 11-year-old boy has been charged with manslaughter over the fatal sh...,YES
5129,Trim error led to fatal Greek F-16 crash: ?A NATO safety investigation board report has determined that the ma... http://t.co/YhSahLKQo4,NO
5133,Photo: No need to put your all your feelings on social mediaÛ_the results could be fatal. #message http://t.co/EzxtovAl4l,NO
5143,@LadyShaxx That is freaking awesome!,NO
5147,Seatbelts really do save people man. Alot of fatal recks have no intrusion of the interior People just fly out,NO
5151,Investigators shift focus to cause of fatal Waimate fire http://t.co/ej0mewOupS,YES
5156,"Police continue to investigate fatal shooting on Vermont &amp; 14th Street
http://t.co/daACJ5Hfmq",YES
5158,11-Year-Old Boy Charged With Manslaughter of Toddler: Report: An 11-year-old boy has been charged with manslaughter over the fatal sh...,YES
5161,@noobde @comingsoonnet YEEESSSS!!!! I will buy him twice!! No KP2 jus release kombatants stages alternate kostumes and fatalities at will,NO
5163,Las Vegas in top 5 cities for red-light running fatalities - News3LV http://t.co/rEt82MdQnG,NO
5167,Highway Patrol reports uptick in statewide pedestrian fatalities - Post and Courier  http://t.co/xccv3D9IcR,YES
5173,"http://t.co/pcdub1gQoC

#Figureskate #ToshikazuKatayama [Earthquake Report]@OnlyQuakeNews Get all the headlines of our earthquake-report.Û_",NO
5205,Wow 3 are WSEA RT @KING5Seattle: Seattle's deadliest red light runner intersections revealed http://t.co/zqUsy2k4ws http://t.co/OX6dHXEUwe,NO
5214,Any other generation this would've been fatality  http://t.co/zcCtZM9f0o,NO
5215,@martinsymiguel @FilipeCoelho92 FATALITY,NO
5216,@noobde this monkey will be a good character in mkx lol banana fatality,NO
5217,Flourishing sleigh bell an toothsome transit fatality: oNrhPz http://t.co/gB4W3T7b3T,NO
5225,@Blawnndee FATALITY!!!,NO
5237,???? #mortalkombat #mortalkombatx #mkx #fanart #fatality ?Follow for more? #Gaming #Pictures #YoutubeÛ_ https://t.co/LQCqjUNwiR,NO
5239,'come from south like ya name asher d' big h does come with some fatality bars in his minor lotm 'battle',NO
5240,Don't let your #writing suffer a fatality! Learn how to seek and destroy bad writing--weekly on Live Write Thrive: http://t.co/VVuL9eGPe8,NO
5241,..... FATALITY,NO
5246,'The best way to treat #addiction...is as a #publichealth problem.' http://t.co/Ojt5aXP1OG,NO
5250,. @paulrogers002 Many #cancers which had a very high fatality rate 30 years ago kill a lot less today. #Oncology has achieved a lot.,NO
5253,@GodHunt_sltv FATALITY,NO
5258,FAVORITE FATALITY!!after she tore her enemy's face she took a selfie &amp; posted on kinda-Mortal Kombat's Facebook. LOL http://t.co/GLyNizSnAK,YES
5261,@Dat_Vi fear of the unknown eh.,NO
5268,'Bear Markets Are Driven By Fear And Fear Has Taken Over Many European Markets. Don't ... - http://t.co/MlaxoJ1kCJ http://t.co/yGfgndIBpo,NO
5275,"Fleshgod Apocalypse - Blinded by Fear (mini drum cover) https://t.co/2PxafIHTf7
this cover is awesome www",NO
5277,"...@jeremycorbyn must be willing to fight and 2 call a spade a spade. Other wise very savvy piece by @OwenJones84 
http://t.co/fabsyxQlQI",NO
5279,Trying to conquer my fear of flying by pulling massive G's with this flight simulator. #OculusRift #VirtualReality http://t.co/rHFjkUQ7zw,NO
5288,@skydragonforce ^^why i usually never try to express opinions for fear of the hate ._.,NO
5289,Show no love and fear no ops,NO
5294,FEAR GOD MORE NAJIB LESS: Nazir taking another stab at brother as govt threats police crackdownsÛ_ http://t.co/bQT9bjdUJG #WayneRooney_INA,YES
5303,My grandma had always fear and in some way she was right - @3nach9 #Tatort #HBwahl #Daesh @WESER_KURIER @HBBuergerschaft @Jerusalem_Post,NO
5307,the next chp is titled emmeryn I Live In Fear,NO
5311,HOLY FUCK SOMEONE SET ME ON FIRE https://t.co/GXnvqCGjQ2,NO
5312,Why is it that my pinky feels like it's lit on fire ? #freaky,NO
5314,@21Joseph fire,NO
5318,almost set the house on fire tryna make fucking hotdogs...,NO
5327,AMAZON KINDLE FIRE 7' FAST REPAIR SERVICE FOR POWER JACK USB CHARGING PORT - Full read by Û_ http://t.co/2WHegYGS3k http://t.co/5b0BH8vPM6,NO
5329,I just got electrocuted by my #HP Chromebook charger it sparked and caught fire #HP http://t.co/UBywQHoaWr,NO
5333,Even with delays? Like a bogged down cpu? #gunsense @Minutemaniac @shieldmaidn @BigFatDave,NO
5334,I just watched Halt and Catch Fire 2x10 'Heaven is a Place' https://t.co/jcPxOrV3AU #trakt,NO
5340,@_NickSimboli_ u know what I'd say she's the equivalent of strawberries in this case I would say she's fire ????,NO
5348,@traplordthings Y din u fav my fire memez åÀ!,NO
5358,Politifiact: Harry Reid's '30 Percent of Women Served' Planned Parenthood Claim Is a 'Pants on Fire' Lie: Call... http://t.co/wY4Xu1A9j4,NO
5360,When your likes your Fire IG selfie ????,NO
5361,Tractor-trailers collide on NJ Turnpike å_ 42 http://t.co/OTEXyh79J8 http://t.co/MLZG4l0xnL,NO
5363,News On 6 Crew Neighbors Put Out Hallett Truck Fire http://t.co/TwqVKZY6Dn http://t.co/eeyveTLAHW,YES
5364,What a night! Kampers go on vacation to end our Dream Job party where fire truck sprays the pool with a hose! http://t.co/if0BiyubC4,NO
5369,#Irvine #SigAlert update: 133 S now closed at Irvine Blvd. 133 N closed past the 5 b/c of trash truck fire. @KNX1070,YES
5370,Ltd Toy Stamp &amp; Vintage Tonka TFD No 5 Pressed Steel Pumper Fire Truck  - Full read by eBay http://t.co/hTvyEnXCBS http://t.co/xSvPzxYRe3,NO
5374,News On 6 Crew Neighbors Put Out Hallett Truck Fire http://t.co/TwqVKZY6Dn http://t.co/QoInQ6gc9M,YES
5376,Photo: #NJTurnpike å_ NJ Turnpike Reopens Hours After Truck Fire In Linden; Driver Dead | NJ Turnpike... http://t.co/8SRT9rGaX7,YES
5388,@dmon2112 @C_T_Morgan but the fire rings of NYC permits I'd have to jump through for a food truck don't make it appealing,NO
5390,Last night was a ball! Atop a 40 ft. fire truck latter!#NNO2015 http://t.co/0KTxo7HLne,NO
5393,Fire shuts down part of NJ Turnpike å_ 96 http://t.co/UzeatfZAyA http://t.co/ejrGK69aeq,NO
5394,Mark your Calendars: Fire truck parade returns to Raleigh! http://t.co/QGCAqdfEKf,NO
5395,This dude just pulled in front of our production with his truck on fire. Cops pulled up after we put it out http://t.co/e7DRPQUW4G,YES
5398,Truck catches fire in Warwick: A tree service truck caught fire around 7:15 p.m. on Wednesday in Warwick on In... http://t.co/nAdAvcq9VA,YES
5399,Pickup Truck Fire On Driscoll Bridge Snags Garden State Parkway #NewYork http://t.co/Q5YU2tZGte,NO
5401,Langhorne-Middletown Fire Co. welcomes new truck ... http://t.co/KrpJo9zMSx,NO
5402,Truck driver died in Turnpike fire most lanes still closed police say http://t.co/tTmJgq6ayM via @njdotcom,YES
5405,Photo: xshanemichaelsx: instaxbooty: ?? @johnnyxphixxle ?? (via TumbleOn) Is that a fire truck ? I need to... http://t.co/WZ809L8zP5,NO
5414,'We must educate first responders about how to adapt to emergencies involving an #autistic individuals.' | http://t.co/JIeB3lsZqc,NO
5415,Central Indiana first responders are providing feedback at the third and final #FirstNet focus group today.... http://t.co/pehH7wHZ0g,YES
5419,[News] Saint Louis University lowers tuition for first responders http://t.co/VJRHkmHpu2,NO
5421,Community first responders #CFR The Radio Ham: Tony Hancock http://t.co/MMSoOOOa70,YES
5422,First responders tell me he is lucky.... had someone riding with him today. http://t.co/jc16CZn0NC,NO
5424,"Good Day Columbia: First Responders Memorial with Sallie ... 
#MEMORIAL_DAY #MEMORIALDAY
 http://t.co/qW3uNfV8Kb http://t.co/hgxMBmrDa3",NO
5427,'An alarming trend among first responders is raising concerns for local fire departments in Colorado and around... http://t.co/Iqr6v6DTHr,YES
5429,What I'll miss the most is that very rare occasion where you and the first responders on scene are the difference between life and death.,NO
5431,Volunteers served first responders today during a tanker fire in Eufaula. Provided cold drinks and food. #okwx #tankerfire,NO
5433,Attention Service Members Veterans Educators First Responders in Jacksonville FL http://t.co/4UrtBEAcE5,YES
5434,'The longer you wait the more people die': #Lafayette theater shooting first responders relied on training: http://t.co/yXOojnbr7m,NO
5435,@pnppro1 Warm Up exercise of the trainees on Basic First Responders Training Course. http://t.co/vdbj2o0IYX,NO
5436,.@MLSudders on social workers: 'I would like us to think of them as first responders and give them the same level of respect',NO
5438,"SPD OFFICER SHOT - PLEASE PRAY

Please pray for the Shreveport Police Department and other first responders... http://t.co/Kx1YnSME5T",YES
5440,Pray for our Nation &amp; her troops that defend in her. May he continue his watch over those watch over us our first responders.,NO
5441,Red Cross arrived on the scene around 9:30pm to canteen for first Responders fighting this massive blaze. Go... http://t.co/IDY9KsCaVV,NO
5447,Allergan Kicks off REFRESH AMERICA Program to Supply First Responders With Free Eye Drops http://t.co/0OjKuLqO5I http://t.co/wkmcPmCtgu,NO
5451,Please pray for employees  residents and first responders.  #myhometown #livesmatter https://t.co/tdeS8MEAR2,NO
5453,Every time I get on the news I see more sadness and needless death. To all my first responders still on shift tonight go home safe. ??????????,NO
5456,@AlJavieera The public should always have the ability to share information w the police &amp; first responders #publicsafetyfirst,NO
5457,First Responders needed for a Cedar City community event Aug 7/8. Contact Terri Linford at 435-327-1148. Meeting tonight.,NO
5463,flames everywhere ???? https://t.co/cG9GAkbPta,NO
5464,more new flames for that next fire under the pot line up flames right here right now let em knw u wit em flames!!!,NO
5470,the fires of hell for Julie #Extant writers....she better go down in flames when this is all over...#Extant,YES
5472,@xodeemorgss she went to get rice and the whole thing tipped over so he had like flames on his pants and she was like omg I'm so sorry!??,NO
5474,@ClockworkHeart When I read it this morning I had  a Mrs White moment ('Flames on the side of my face...') GAH.,NO
5478,*NEW* Snap On Tools Black baseball Hat/Cap Silver/Gray Embroidered S Logo Flames - Full reÛ_ http://t.co/F30F9V0aSI http://t.co/5B5a1HDzF6,NO
5483,I only fuck you when it's half past five,NO
5490,see the flames inside my eyes,NO
5500,You were just waiting for us to go down in flames,NO
5504,This is gonna go down in flames ?? https://t.co/pjOG1LcYYV,NO
5508,I'm listening to 'Zion' by Flames on #Pandora http://t.co/mP0tmdzyIE,NO
5511,I think that's been the best bit of this match. Kurt Zouma absolutely flattened that bloke.,NO
5512,why would anyone want to hear some type of shin cup noodle flattened by a rolling pin sing https://t.co/IuEm2g1Nzp,NO
5513,@jackcarter22 me and bricktop were laughing about him on sunday when he flattened 3 or 4 arsenal players from a corner ???? #tank #VaVaZouma,NO
5516,Unlike the Donaldson dive into the stands no young boys were flattened in the Kyle Parker catch.,NO
5523,@johndavidblake Winds me up to see 95% 'whites' held up as 'black' as if just a trace of flattened nose or curly hair is impure.,NO
5527,Free Ebay Sniping RT? http://t.co/6KGMVkbPLR Hot 80pcs Tibetan Silver Round Flattened Spacer Beads Jewelry Finding 5.5x1. ?Please Fa,NO
5530,@st3ph007 do you think the pedagogy/practice is more important than the environment? #BFC630NZ walls can be 'flattened' in many ways,NO
5533,Zouma! Runaway train. Absolutely flattened the Fiorentina player there...,NO
5536,"Lustig gets flattened...he should have stayed down longer..

Commons coming on . my guess is GMS coming off...

water break! 0-0  76mins",NO
5537,100  1' MIX NEW FLAT DOUBLE SIDED LINERLESS BOTTLE CAPS YOU CHOOSE MIX FLATTENED - Full reÛ_ http://t.co/61fALvOCuK http://t.co/1MuTpFcgDL,NO
5542,Zouma flattened that breh,NO
5543,Flattened via IDEAS IN FOOD - A cheesecake brownie does not always have the aesthetic we are ... http://t.co/oRSmW5Airj,NO
5546,David Ortiz just absolutely flattened that baseball??,NO
5549,@FollowerOfDole 'Give me your lunch money ner-' *flattened by falling quarter*,NO
5550,I see a flattened Cyberman. Do I watch way too much Doctor Who??? http://t.co/XMKVhW2RS0,NO
5551,The satisfaction of knowing you flattened someone with logic and reasoned argument ??,NO
5562,Spot Flood Combo 53inch 300W Curved Cree LED Work Light Bar 4X4 Offroad Fog Lamp - Full reÛ_ http://t.co/E6BnWxFtkb http://t.co/Ww2uVHRy89,NO
5566,Hey @FLOOD_magazine send me to #HOTCHIP @hot_chip @greektheatrela,NO
5568,If you decide to get rid of #flood damaged #furniture solid waste will pick it up for a fee. You can call #Tampa Solid Waste at 813-274-8811,NO
5571,2 NNW Hana [Maui Co HI] COUNTY OFFICIAL reports COASTAL FLOOD at 5 Aug 10:00 AM HST -- WAIANAPANAPA STATE PARK CLOSED DUE TO LARGE SURF. Û_,YES
5572,Flood Advisory issued August 05 at 4:35PM EDT by NWS http://t.co/fuZ7y44P4I #WxKY,YES
5574,2pcs 18W CREE Led Work Light  Offroad Lamp Car Truck Boat Mining 4WD FLOOD BEAM - Full reaÛ_ http://t.co/0AIV5KhZjv http://t.co/q6HHZbFxCv,NO
5583,12' 72W CREE LED Work Light Bar Alloy Spot Flood Combo Diving Offroad 4WD Boat - Full readÛ_ http://t.co/o7x8oDiBqU http://t.co/jWqxKwSOLL,NO
5585,2pcs 18W CREE Led Work Light  Offroad Lamp Car Truck Boat Mining 4WD FLOOD BEAM - Full reaÛ_ http://t.co/yo9q6WxweU http://t.co/n581wQqyAS,NO
5591,How did I know as soon as I walked out of class that Calgary would flood again today,NO
5596,2pcs 18W CREE Led Work Light  Offroad Lamp Car Truck Boat Mining 4WD FLOOD BEAM - Full reaÛ_ http://t.co/Yrd3nPC9V0 http://t.co/AnRd0VIfwK,NO
5597,12' 72W CREE LED Work Light Bar Alloy Spot Flood Combo Diving Offroad 4WD Boat - Full readÛ_ http://t.co/8Mk9TD4RRL http://t.co/W20rH3Ai9J,NO
5601,Myanmar Flood Victims Need More Relief Aid and Food: Regions struggle with flood aftermath and dwindling suppl... http://t.co/O5adXdNnII,NO
5606,"Flash Flood Watch in effect through 7:00am Thursday morning/12:00pm Thursday afternoon.
For: Perry Wayne Cape... http://t.co/fs7vro5seS",YES
5607,12' 72W CREE LED Work Light Bar Alloy Spot Flood Combo Diving Offroad 4WD Boat - Full readÛ_ http://t.co/EBJz2MxLr3 http://t.co/jvVD8smJMw,NO
5610,Spot Flood Combo 53inch 300W Curved Cree LED Work Light Bar 4X4 Offroad Fog Lamp - Full reÛ_ http://t.co/arR2CVbqJJ http://t.co/nahMndn8X1,NO
5615,@Schwarzenegger @FoxNews you won't because Dems are focused on flooding our borders with illegal immigrants to add to their voters. #EndofUS,NO
5616,Memorial unveiled for Travis County Deputy Jessica Hollis who was killed in Sept. flooding http://t.co/uSiN3M9kgI http://t.co/Mo5lmviPw5,YES
5623,Awh damn  I just realized yall gone flooding my TL with school shit and Ima be like .. ??,NO
5630,#NYCHA says the pipe that burst and flooded apartments in a senior center is being repaired. http://t.co/eCyui3290H http://t.co/6S6sYUYypL,NO
5636,#BREAKING Business at the Sponge Docks washed out by rain flooding  /#news,YES
5637,Nigeria warned against massiveåÊflooding http://t.co/CofH4khFsD http://t.co/m0fLpPxIlg,YES
5639,"@caseyliss def - and donÛªt even fathom when there is bad weather / flooding ??

#byebyeroad",NO
5640,"Flooding updates from Pasco County

http://t.co/gOSzRa5bdD",YES
5643,Donate to help Myanmar Flooding victims http://t.co/fuRVRES9Ks,YES
5648,Now WoW folks I'm sorry for all the 'prepared' jokes that must be flooding your feeds right now.,NO
5649,@PopMech ANOTHER tweet double posted within 4 hrs. Flooding my timeline with the duplicate tweets.,NO
5660,when youre tired as hell but your brain keeps flooding you with inspiration,NO
5666,OFA outfit floods net w paid OFA trolls &amp;automated netbots that spam any story that is not complimentary of the One http://t.co/hNlSDLhmB9,YES
5667,Pasco officials impressed by drone video showing floods: Drone videos have given an up-close view of flooded areasÛ_ http://t.co/PrUunEDids,YES
5678,"@asgharchohan86 @AdilGhumro 
There are floods in kpk because you guys couldn't build dams in 30 years you ruled.
Even for your own Thar",NO
5679,"Who is bringing the tornadoes and floods. Who is bringing the climate change. God is after America He is plaguing her
 
#FARRAKHAN #QUOTE",YES
5681,"If I wouldn't have lost all my guns in #Colorado floods I would say I could completely understand
#copolitics #2A https://t.co/37rHlsobbn",NO
5682,all cats are in....time for the floods.......,NO
5691,VIDEO Facing Up To Persecution ÛÒ Pastors Silenced ÛÒ MB Obama holds Iraqi Christian asylumÛ_ https://t.co/qrtUzfHOdw http://t.co/xBNRPS8xHO,NO
5696,Typhoon Soudelor approaches after 7 killed 2 missing in floods in Philippines http://t.co/hALJNnWrwi via @abc7chicago,YES
5697,Flash floods landslides possible as Hanna draws in more monsoon rains - Pagasa http://t.co/TzWmsEQPHW | via News5 #iBalita,YES
5700,No Floods #MTVHottest Lady Gaga,YES
5701,I'm so dried out in this desert let me know I wanna be with you speaking of floods speaking of truth - Laleh ????????,NO
5702,Myanmar floods occur during low season for river cruising - Pandaw River Expeditions is currently operating only t... http://t.co/cQtTGrkwf6,YES
5708,#WorldVision is responding to floods in #India and #MyanmarFlood with more than 300000 affected: http://t.co/eU8jypIzsd,YES
5709,Bengal floods: CM Mamata Banerjee blames DVC BJP claims state failed to use relief funds: KOLKATA: Even as fl... http://t.co/WFwWRcmi9t,YES
5718,Grass fire near Forest Grove contained. Sparked by a rock being struck by a tractor. #LiveOnK2 @JackieKATU http://t.co/Yr9mmIS7jT,YES
5723,Damn dry desert forest fire...damn :( https://t.co/P5SoDrkVW3,YES
5725,#Winston #salem Fire in Pisgah National Forest grows to 375 acres http://t.co/5IMxNGsaSA,YES
5728,Crews responding to small brush fire burning in Tahoe Forest - My News 4 - KRNV Reno NV http://t.co/VhyJnVug6f,YES
5731,OMG there's a news chopper over a 3-acre mostly contained fire outside Forest Grove? #slownewsday ?,YES
5735,#GlobalWarming U.S. Forest Service says spending more than half of budget on fires: Û_  United States the agen...  http://t.co/mWiE5CeEIi,YES
5737,#Reuters #US Forest #Service says spending more than half of budget on fires http://t.co/XlpgKguhkG,YES
5738,+Cossacks+hussars oo hd riggd up rough shelters N th glade+were kindlng glowng fires N a hollow v th forest where th FrNch could not C th,NO
5742,Why can't they use ocean water to fight forest fires? http://t.co/NMWi5Sm3Uw,YES
5747,People come and go. Some are cigarette breaks others are forest fires.,YES
5749,@gilmanrocks7 ya it was. Damn forest fires.,YES
5750,@lldubs Are any of your vineyards affected by the forest fires in California?,YES
5755,I hope the rain stops the forest fires tbh we've been on lvl. 3 lockdown for water for the past month :/,YES
5756,Stubborn forest fires burn in two provinces |RZ| http://t.co/yZO948652k #Iran #IranElection,YES
5761,Worth the read --&gt; As California fires rage the Forest Service sounds the alarm about sharply rising wildfire costs http://t.co/2LZtOMsAUz,YES
5762,A group of Florida Forest Service firefighters could be deployed to California to help contain fires. Details at 10! http://t.co/tRrig5J1Re,YES
5767,Property losses from northern CA wildfire nearly double http://t.co/fHqx7FiIVJ If you pray please remember CA people/forests/wildlife/water,YES
5768,'People come and go. Some are cigarette breaks others are forest fires.',YES
5770,Two New Bitterroot National Forest Fires are Largest for Forest So Far This Year http://t.co/zVa34qHU8M,YES
5773,Standing in mountaintop field scented with wildflowers dust and distant forest fires smell of impending rain in the air.  #fieldworksmells,YES
5774,Q: Why do ducks have big flat feet? A: To stamp out forest fires. Q: Why do elephants have big flat feet? A: To stamp out flaming ducks.,NO
5779,Firefighting consumes Forest Service budget sparks political clash http://t.co/ARN8qfgNpm,YES
5782,#RiverComplex #CA #CASHF http://t.co/37iYHPPNr4 River Complex: Six Rivers National Forest lightning fires ÛÒ Morning Update,YES
5785,#LukeBox how about a song for your fellow Eagles?! ???? #hail southern,NO
5786,@froilan_canin https://t.co/caCXADLEb8 AFTERNOON DELIGHT Ha! Bounce filmed in between Calgary's Uber Hail Storms #yyc http://t.co/6zgkDpMMSK,YES
5787,BYZ issues Severe Thunderstorm Warning [wind: 60 MPH hail: 1.00 IN] for Big Horn Yellowstone [MT] till Aug 5 8:00 PM MDT  Û_,YES
5788,Hvy rain wind sm hail Tree down on Bluff Ridge Rd. Multiple trees down o on house on South Shades Crest Rd. (Past Lake Drive) @spann,YES
5796,Seen on Fahlo:#WCW All Hail the QueenåÊ?? http://t.co/zrhXy9iBno http://t.co/Opjz8fGdIy,NO
5802,Which version of All Hail Shadow you do you like more Magna-Fi's or Crush 40's? ÛÓ Crush 40s. http://t.co/oGs6d0p3RB,NO
5806,Severe Thunderstorm 7 Miles North of Arcadia Moving SE At 20 MPH. 60 MPH Wind Gusts and Large Hail. Hail... #okwx http://t.co/WEd69e4KRg,YES
5809,Once I get my stomach together I will be wearing crop tops during all seasons. Rain or shine. Snow sleet or hail.,NO
5810,Something to think about,NO
5811,Severe Thunderstorm Warning until 08:00 PM local for Custer Fall River &amp; Shannon Counties in SD. 60 Mph Wind Gusts And Penny Size Hail. #sd,YES
5813,@adolwyn This near U? @JWagstaffe: RT @OldsFireDept: Aug 5 2015 Hwy27 west of Olds. Approximately 1 foot of hail. http://t.co/Yg0pd73Bpw',NO
5820,Created save #666 on my current Fallout 3 playthrough. Hail Satan!,NO
5823,i survived what you tried to destroy you're not a man just a boy,NO
5830,New warning for Central Hills 1' hail 60 mph winds. NOT affecting Sturgis but could later tonight. #KOTAWeather http://t.co/E8oUxVKuTE,YES
5831,Hail Mary. ????,NO
5838,Twin Storms Blow Through Calgary * 75 http://t.co/sIAKlSbdiP http://t.co/fm44ZS93OA,NO
5839,We The Free Hailstorm Maxi http://t.co/Cnn1nXXNwc,YES
5844,Boston yesterday after an intense hailstorm. Photo by 'then0mads0ul'. http://t.co/uxgtXCArQ1,YES
5846,#yyc #hailstorm #christmas came early https://t.co/f0A2IIzx3A,NO
5851,Yesterday's #hailstorm! #boston #cambridge http://t.co/HbgYpruvO7 http://t.co/SwtgHLibs2,NO
5852,RICHIE: This was #Calgary yesterday after a crazy #hailstorm! pics via Calgary Herald http://t.co/1oH20qHk2l,YES
5857,Get out of the hailstorm and come down to @TheBrokenCity 2night at 9PM to catch a screening ft. @thebanffcentre! There will be BEER + FOOD!,NO
5859,It looks like all the trees in my yard had a Britney Spears style meltdown. #Bald #Hailstorm,NO
5860,Hailstorm flash flooding slam Calgary knocks out power to 20k customers http://t.co/sNpPqrwuXB,YES
5862,JPLocalFirst RT eliotschool: Yesterday's #hailstorm in #Boston. Wow. Thunder lightning. Artful awesome. http://t.co/YsvE1SEAko,YES
5865,#yyctraffic #yycstorm  Caller says 'idiots' are stopping under overpasses and blocking 'all lanes on Crowchild' in (small-sized) hailstorm.,NO
5866,here is goes again #abstorm #hailstorm #yychail stay safe everyone!,YES
5871,Hundreds of commuters abandoned at LRT station during severe hailstorm http://t.co/vMIGkJ0tkZ,YES
5872,Good olde fashioned prairie #hailstorm #calgaryweather https://t.co/hI1yOQFlfm,NO
5877,Hundreds of commuters abandoned at LRT station during severe hailstorm http://t.co/25wIeHMLZ5,YES
5878,Hailstorm cleanup begins in Calgary http://t.co/DhH5jz2w49,YES
5879,600 passengers abandoned at LRT station during Tuesday's hailstorm http://t.co/eLZoyEqA3m #yyc #yycstorm #abstorm,YES
5880,@Haley_Whaley Hailstorm Clash ofClans Gems Giveaway is out now! visit my Profile Bio to get guide on how to get 200.00 Gems,NO
5895,Mental health is real..?? Self harm is real..??Depression is real..?? feeling alone..?? no where to fit in..?? one day it could be you???,NO
5897,@ShaunKing HARSH PENALTIES FOR LEGAL FIREARM OWNERS WHO STRAW PURCHASE A FIREARM FOR ANY FELON. GANG MEMBERS ONLY INTEND TO CAUSE HARM!,NO
5910,Anger is an acid that can do more harm to the vessel in which it is stored than to anything on which it is poured ~http://t.co/UTiGx9PSry,NO
5914,Politicians are using false allegations to attack #PlannedParenthood &amp; harm women. We aren't fooled we #StandwithPP http://t.co/JhseGQLbYq,YES
5915,What is up with #Bears beat writers ÛÏwarningÛ fans not to get excited? What actual harm does it do to be excited? Shut the hell up!,NO
5917,Never let the experiences of your past bring harm to your future. Remember your past canÛªt be altered and your... http://t.co/l9cy29sb1t,NO
5924,@Norcinu @TheBodyShopAust @thomaldo tiny plastic beads used in cosmetics (scrubs toothpaste) doing great harm to aquatic ecosystems.,NO
5926,Politicians are using false allegations to attack #PlannedParenthood &amp; harm women. We aren't fooled we #StandwithPP http://t.co/bIE5pfR2Ac,NO
5931,Father we come 2u &amp; lift up this nation America as well as other countries 2 keep it calm &amp; deliver us from harm in Jesus name??Amen #12K??,NO
5936,Ibrahimovic &amp; Hazard Boot Test: Nike Mercurial Vapor X Test - footballfreestyle24/7: http://t.co/BZUnEPsuLP via @YouTube,NO
5940,"Whoever got compared with Hazard faded away one by one. 
Kagawa 
Januzaj 
Di Maria 
Who's next?",NO
5941,There will be a 3-match ban for any player caught diving this season.  Looks like Hazard Costa and Young will miss half the season.,NO
5945,@mishavelgos @MattBacal8 @ComplexMag this is so accurate I can't even speak haha... Comparing hazard to harden is so true,NO
5946,@feroze17 @WarAndSetPiece No one's said Depay's gonna overtake Hazard......,NO
5948,"NVIDIA recalls some Shield Tablets because of possible fire hazard

http://t.co/M3nSIx073I

#nvidia",NO
5951,OEM 2001 Volvo XC70 Center Dashboard Hazard Lamps Control Switch w/Vent Panel http://t.co/VXixYcbbtH http://t.co/HSDonZ49hd,NO
5967,"@fplhints hazard depay ozil Ritchie .
Should I go with 3 crazy strikers or 4 midfielders ? #fplboss",NO
5968,Parents Beware: A Household Hazard that Won't Go Away http://t.co/91eiTHgvDB,NO
5969,Con el Crack de Hazzel Hazard?????? @ Saint John's Episcopal School https://t.co/iQ0iWYPizd,NO
5970,"'HOLD ON' 
Batman in Hazard suit. http://t.co/fSPLv8Inwr",YES
5971,Choking Hazard Prompts Recall Of Kraft Cheese Singles http://t.co/98nOsYzu58,NO
5973,Eden Hazard John Terry and Sergio Aguero. An honourable mention for Nemanja Matic. https://t.co/4nzj9qoOay,NO
5976,@Hazard_VN @AccuracyEsports add me,NO
5977,@SuperBobbyPires Hazard Ronaldo Cantona Pepe and all those who lashed out before him.,NO
5984,Road Hazard @ E CONFEDERATE AVE SE / MORELAND AVE SE http://t.co/tym6tYmh4M,NO
5986,#ine #instyle Olap #world pres: http://t.co/PJaY74M2Fi How To Recognize A Hazardous Waste And The Multidimensi http://t.co/vr3wlQXl0G,YES
5993,#Hazardous #Waste #Treatment #Disposal : Aug 2015 market growth feeble. http://t.co/yyt4KPtFh8 #MarketResearch #Statistics,YES
5994,#alfa #forecast Olap #world pres: http://t.co/YiFXKRQx0C How To Recognize A Hazardous Waste And The Multidimen http://t.co/HO4b3L0KI8,YES
6005,@moneymaker32931 tanker truck overturned carrying hazardous materials.,NO
6006,CHS issues Hazardous Weather Outlook (HWO)  http://t.co/lbkiyfwFlU #WX,YES
6008,#diablo #dsp Olap #world pres: http://t.co/LFEtNRXyWt How To Recognize A Hazardous Waste And The Multidimensio http://t.co/PvNvqaXsA7,YES
6010,TSA issues Hazardous Weather Outlook (HWO) http://t.co/7vlu8ni90Q,NO
6011,@megynkelly illegals don't abide by the uniform building codes or OSHA safety codes.structur's they build are hazardous to your health.,NO
6014,Also confirmed by Senate Marie Therese Dominguez to be Administrator of the Pipelines and Hazardous Materials Safety Administration (PHMSA).,NO
6016,#hot #fiat Olap #world pres: http://t.co/QddYwTynvF How To Recognize A Hazardous Waste And The Multidimensiona http://t.co/dzQGotozNA,YES
6018,50k plays on our 'Delirious' remix!! Happy it's getting so much love ??,NO
6021,#triangle #peter Olap #world pres: http://t.co/JeHTQAqDFh How To Recognize A Hazardous Waste And The Multidime http://t.co/gwXdjd8nGu,YES
6025,SH 29 Kaimai Ranges - Eastbound. Hazardous driving conditions. Due To A Truck Breakdown... http://t.co/0cuCMZCmaO via @AA_Traffic,NO
6028,Drums of Hazardous Waste Dumped Around Kodiak Island: Someone has dumped drums of hazardous was... http://t.co/ZSnnrULaWo &gt;@alaskapublic,YES
6029,Skinny Jeans are Hazardous for Your Health! http://t.co/TVdvP7VdAs,YES
6035,"I added some dumb ideas to beat the #summer heat cheaply
 http://t.co/jatxpAFvA9 @brokelyn #brokelynati",YES
6040,New Post: Diff Durden  - Heat Wave - CA - http://t.co/jGjgR4o5K0 Vote On Blog #DHHJ #HipHop #Chicago #NP http://t.co/1W10uKVHoo,YES
6042,@CrawliesWithCri @Rob0Sullivan What do they consider 'heat'? When I lived in London they thought a 'heat wave' was like 25C hahaha,YES
6044,Never really seen olive leaf extract to help with a rash but good luck! @IngeScott humid heat wave and flared up. I take olive oli extract,NO
6046,Yeah it actually is this whole week we in a heat wave :( https://t.co/cB2NWtGy47,NO
6052,It's nice out. Guessing the heat wave is over.,YES
6054,Activists Protest Pipelines in Canada and Shell in Portland Oh and Prepare for Another Heat Wave http://t.co/aKsYPKjdpB #CampLogistics,YES
6062,Heat Wave: A Social Autopsy of Disaster in Chicago by Klinenberg Eric http://t.co/fPtqxVokJC http://t.co/0gt63uQGcU,YES
6063,@sportguyshow the heat wave ends really tomorrow but still time for another one to build. Only other thing that ends the heat is Autumn.,NO
6067,Japan heat wave intensifies - death toll surges to 55: http://t.co/F1h1mzVSNn via @extinctionp,YES
6068,Middle East ÛÏHeat DomeÛ Causes Crippling Heat Wave in Israel http://t.co/41Lcb9aepR,YES
6077,@facilitydude shares how to handle the heat and keep your cool http://t.co/ekEd6BulsZ  #facilitiesmanagement,NO
6079,God the past few nights have been awesome but tonight it looks like the heat wave is back ?? can't breathe in my room!,NO
6080,http://t.co/OYMLNLHEca So important to stay hydrated in the midst of this heat waveÛ_ ?? Û_ http://t.co/EXLQxSa0i8 http://t.co/M3TiNl4NUX,YES
6081,Good morning. Slept about 6 hours. The heat wave hits Japan... The hot days still continue. I guess some people were killed by this climate.,YES
6082,Japan heat wave intensifies ÛÒ death toll surges to 55 http://t.co/ZwPoDn3KOH,YES
6089,@WalpurgisNightZ I was thinking super glue since its not as messy.,NO
6095,I'm melting a bar of chocolate under my laptop at least this fucking HELLFIRE is good for something,NO
6101,Hellfire is surrounded by desires so be careful and donÛªt let your desires control you! #Afterlife,NO
6107,@spikepoint @skie It's about context too. If his dick slipped out during the super bowl people would be throwing hellfire here.,NO
6114,Hellfire! We donÛªt even want to think about it or mention it so letÛªs not do anything that leads to it!,NO
6117,Would you consider yourself good at giving advice? ÛÓ I like to think I give good advice when I feel like its a s... http://t.co/lSMr4KVO6u,NO
6121,@emmap645 @Vickygeex @Zak_Bagans @NickGroff_ @AaronGoodwin A few friends of mine were up investigatin the hellfire last year they had loads,NO
6122,#Allah describes piling up #wealth thinking it would last #forever as the description of the people of #Hellfire in Surah Humaza. #Reflect,NO
6124,Come watch @QelricDK bash some face in Hellfire Citadel! http://t.co/juQIuN2mhg,YES
6129,"*standing in line at JoAnn's little girl and her mom behind me*

Little girl: Mommy is that a boy or a girl?

...
Welp www",NO
6131,The Prophet (peace be upon him) said 'Save yourself from Hellfire even if it is by giving half a date in charity.',YES
6136,"APC needs to watch all these PDP defecting to APC 

Patience Jonathan On The Move To Hijack APC In Bayelsa State http://t.co/zzMwIebuci",YES
6139,Himika Amase is the only prophet in the world who foresaw 'hijack in March' as it was on her Jps Twitter in Feb 2014. malyasiaairlines. ???,NO
6142,Biggest security update in history coming up: Google patches Android hijack bug Stagefright http://t.co/bFoZaptqCo,YES
6143,RT! Tension In Bayelsa As Patience Jonathan Plans To Hijack APC PDP http://t.co/JlE6aFuG3p,YES
6144,Tension In Bayelsa As Patience Jonathan Plans To Hijack APC PDP - The Sun: Plans by formerÛ_ http://t.co/qJPrrObGtC http://t.co/XWoGt4wBf7,YES
6149,Biggest security update in history coming up: Google patches Android hijack bug Stagefright http://t.co/LTid39bKBE,YES
6155,Tension In Bayelsa As Patience Jonathan Plans To Hijack APC PDP - The Sun http://t.co/VBiGAnIRSJ,YES
6157,Chrysler Jeep wirelessly hacked over internet to hijack steering brakes and transmission face lawsuit - should all consider #ISO27001,NO
6158,@daehyvn he spends the rest of the segment trying to hijack someone else's bike,NO
6161,Swansea ?plot hijack transfer move for Southampton target Virgil van Dijk? http://t.co/UOq87SP5JP,NO
6168,hijack,NO
6172,Swansea ?plot hijack transfer move for Southampton target Virgil van Dijk? http://t.co/DNZjWwTAkI,NO
6176,Swansea ?plot hijack transfer move for Southampton target Virgil van Dijk? http://t.co/PYL26NFEn8,NO
6177,"Graham Phillips' Fundraiser Canceled By @JustGiving 

#fundraise #Ukraine #donbas 

http://t.co/HIbEf3CXOX http://t.co/9crFKQzD52",NO
6179,Bayelsa poll: Plans by Patience Jonathan to hijack APC tickens http://t.co/eyn0E8pmJq,YES
6180,Criminals Who Hijack Lorries And Buses Arrested In Enugu (PHOTO) http://t.co/5cZ7eM9OTr,YES
6182,@spencer_ellmore @CentreTransfer just wait Norwich might hijack the deal??????,NO
6186,Remove the http://t.co/J2I27K6tWt and Linkury Browser Hijacker http://t.co/D8TgE45FnU http://t.co/GRG1NsJzbk,NO
6189,"Remove the http://t.co/zmoKZZf4qp and Linkury Browser Hijacker. PITA as it hijacks both browsers and their shortcuts.
http://t.co/QWDkzTi97g",NO
6190,Remove http://t.co/77b2rNRTt7 Browser Hijacker - How t... http://t.co/Wff7X3B6KT,NO
6194,Governor allows parole for California school bus hijacker http://t.co/0aQBZmrvLQ via @abc7newsbayarea,YES
6204,"and if I cry two tears for her..
That will be the most that I would giveÛ_ https://t.co/Ch24hn74XH",NO
6205,Remove http://t.co/GYcBuXfYGP Browser Hijack... http://t.co/FuQH0yKsdg,NO
6209,I think parents r shit these days=only coz I don't have kids=but to let ur child pretend to be a hijacker only drives them to do it laters,NO
6210,Remove the http://t.co/OP2NObtoul and Linkury Browser Hijacker http://t.co/JjKlf2PlX7 http://t.co/t3OQgw0Ce7,YES
6212,@JagexSupport can u remove the email of the hijacker pls !! YKJL is my ign. i need to recover but pls block so they dont break bank pin!,NO
6214,Governor Allows Parole for School Bus Hijacker http://t.co/7mqh7fhxYL http://t.co/BNCcwcsCKt #SahelNews,YES
6221,"Updated on Friday at 4:30 A.M. - Daily Area News
California School Bus Hijacker Parole Stands http://t.co/24QEkAh893",YES
6225,Governor Allows Parole for School Bus Hijacker http://t.co/i7PIJK6XtM liveleakfun ? http://t.co/IONWArVRFy,YES
6228,"@mch2601 The AVI is h/t @RealDB4Prez16  
He provided me the artwork and years &amp; years of great hijacker stories.",NO
6229,Remove the http://t.co/Ytao0lT144 and Linkury Browser Hijacker http://t.co/uxEKjeuIVp http://t.co/abvvRLFgDh,NO
6231,The footage of Albert Reynolds talking about a hijacker demanding the publication of the 3rd secret of Fatima is hilarious.,NO
6235,Earnest PletchÛªs cold-blooded killing of Carl Bivens was just one chapter in his strange life http://t.co/dnQn1OWWF9 http://t.co/xNEPq5HBYD,YES
6236,#hot  Funtenna: hijacking computers to send data as sound waves [Black Hat 2015] http://t.co/EZ1TpCzJzo #prebreak #best,YES
6237,The Murderous Story Of AmericaÛªs First Hijacking http://t.co/VgBOpxb6Wg,YES
6238,Oops! I say he picked the right car to try hijacking.  https://t.co/SoMgI7hwli,NO
6239,#hot  Funtenna: hijacking computers to send data as sound waves [Black Hat 2015] http://t.co/EEpUFlxNvI #prebreak #best,NO
6242,#hot  Funtenna: hijacking computers to send data as sound waves [Black Hat 2015] http://t.co/a0zgzd1fYa #prebreak #best,NO
6249,#hot  Funtenna: hijacking computers to send data as sound waves [Black Hat 2015] http://t.co/RaPaDCea1w #prebreak #best,NO
6250,#hot  Funtenna: hijacking computers to send data as sound waves [Black Hat 2015] http://t.co/ChGipZWxsx #prebreak #best,NO
6251,Funtenna: hijacking computers to send data as sound waves [Black Hat 2015] http://t.co/GUDtEFt5HP http://t.co/n3dDxcTO2A,NO
6252,The Murderous Story Of AmericaÛªs First Hijacking http://t.co/QAOqtptgwH,YES
6260,@csgpelmash we are hijacking a great song from a terrible 'concept video'. So THERE! #eatshit,NO
6264,MomentsAtHill everyone hijacking NuNus and timas bikes ????,NO
6266,But is feast.dll still vulnerable to DLL hijacking?  https://t.co/3vaig1PtYk https://t.co/BZDNKpOry1,NO
6270,@ReasonVsFear 'One?'  Oh nonononono.  This hijacking's been going on forever but I've seen it about a dozen diff places today alone.,NO
6275,#hot  Funtenna: hijacking computers to send data as sound waves [Black Hat 2015] http://t.co/f6PCzLWBWk #prebreak #best,NO
6279,At #BlackHat? Learn about account hijacking attacks &amp; cloud access security w/ @ElasticaInc: http://t.co/PqXryXVp14 http://t.co/Wt5wZwvpUt,NO
6280,#hot  Funtenna: hijacking computers to send data as sound waves [Black Hat 2015] http://t.co/XU9u3NNxpK #prebreak #best,NO
6284,#hot  Funtenna: hijacking computers to send data as sound waves [Black Hat 2015] http://t.co/wG1rt0kB4g #prebreak #best,NO
6285,Who is Tomislav Salopek the Islamic State's Most Recent Hostage? http://t.co/puT3LgsDnf,NO
6286,Chris Brown's aunft was 'held hostage in a closet by armed intruders at his LA home while sin http://t.co/i1Fhb8QSZ7 http://t.co/7C5BG48BRJ,YES
6287,Islamic State threatens to kill another hostage: @DailyGleaner @TJProvincial @TJGreaterSJ http://t.co/dfPLiqjMk2,YES
6288,Ya kisses hold me hostage &amp; I don't wanna stop it. I only wanna give it to you,NO
6289,Pakistani Terrorist Was Captured By Villagers He Took Hostage - NDTV http://t.co/C5X10JAkGE,NO
6290,"Oh god Diane is following them to the hostage exchange in a taxi. 
#RandomActsOfRomance",NO
6291,Sinai branch of Islamic State threatens to execute Croatian hostage in 48 hours http://t.co/YvtcXrPt34,YES
6295,Concealed Carrier Rescues Hostage Captures Naked Attacker http://t.co/uLy5hM6PqR,NO
6298,UPDATE 4-IS Egypt affiliate threatens to kill Croatian hostage in 48åÊhours http://t.co/C0zrqIk6KE,YES
6307,'IS Egypt affiliate threatens to kill Croatian hostage in 48 hours' - http://t.co/3LcgidRQpb,YES
6308,my chacos were supposed to arrive by 8pm why are you holding them hostage @ups I just want some crunchysensible footwear,NO
6309,Islamic State group threatens to kill hostage if 'Muslim women' aren't let go - Press Herald http://t.co/yKM6qfRh98,YES
6313,Bit-Defender hack ÛÒ Held Hostage!: Late last week it was discovered that antivirus vendor ... http://t.co/2vC8CSTWy5 #damballa #infosec,NO
6316,#BREAKING. Who is Tomislav Salopek the Islamic State's Most Recent Hostage?  /#news,NO
6319,#TeamNyle because he's holding a family member hostage and I have to post this or the 'else' happens,NO
6321,"@theCHIVE For the record I held this shirt hostage for nearly a year before sending it last minute to TX #BidTime 

http://t.co/edbxYatmaq",NO
6324,@bluecurls8 @Worthfull1 You basically decide to do absolutely nothing else for months and then have your Beta hold chapters hostage.,NO
6327,While being held hostage by Tobias Hankel,NO
6333,video says #ISIS Threatens To Kill Croatian Hostage 5oil-worker) If #Egypt Does Not Release Female Prisoners in 48 H http://t.co/GvpKrRdQnu,YES
6351,Militant 'Overpowered' By Hostages After Attack http://t.co/xWnp8a1JOn,YES
6352,#hot  C-130 specially modified to land in a stadium and rescue hostages in Iran in 1980 http://t.co/g601NBD7wS #prebreak #best,YES
6353,How until put out manorial shaped gnocchi near thine hostages to fortune: RBpK,NO
6357,#hot  C-130 specially modified to land in a stadium and rescue hostages in Iran in 1980 http://t.co/PtAI4zBpbI #prebreak #best,YES
6359,@JoeNBC IRAN: NO SNCTIONS INCL MILTARY$150BILNO INSPCTKPS HOSTAGESTHROSW ISRAEL TO GUTRKPS NUKE SITES U.S HLPS W/NUKES GET 'ZERO!',NO
6360,Ajmal Kasab II: How hostages misled the terrorist got him caught alive http://t.co/n1up959OFM,NO
6364,One Year On From #IS Massacre in #Sinjar Yazidis Blast Lack of Action over 3000--5000 Yazidis who remain enslaved: http://t.co/vnSn284ovw,YES
6367,@IndiaToday @Iamtssudhir Time for India to join global war against ISIS cant sacrifice national interest to save hostages! #NationFirst,NO
6368,India: Militant 'Overpowered' By Hostages After Attack http://t.co/mkjszGbaWR,YES
6377,Sinjar Massacre Yazidis Blast Lack of Action Over Hostages http://t.co/fdU8aCnC2W #denver #billings #rapidcity #seattle #cheyenne #lasvegas,YES
6378,Sinjar Massacre Yazidis Blast Lack of Action Over Hostages http://t.co/fdU8aCnC2W #denver #billings #rapidcity #seattle #cheyenne #lasvegas,YES
6379,@Deosl86 That does nit change the fact extracting hostages is pointless,NO
6381,RT WatchmanIS216: #Sinjar Massacre #Yazidis Blast Lack of Action Over Hostages http://t.co/79iQDYZjBS; Portland #Û_ http://t.co/0z1PvJVdpf,YES
6390,AngelRiveraLibÛ_ #Snowden 'may have' broken laws? Hurricane Katrina may have caused some damage. http://t.co/jAaWuiOvdc Without Snowden hÛ_,YES
6401,@al_thegoon i like hurricane habor next to slix flags but they got like 8 rides but they wavy &amp; hershey park,NO
6408,Residents artists remember aftermath of Hurricane Katrina through artwork - WDSU New Orleans: WDSU New Orlean... http://t.co/U6pAvbZoB3,YES
6409,Found out a hurricane is brewing for thursday lol ??????,NO
6411,@ReinhardBonnke is preaching on the Holy Spirit! Holy Spirit blows atmosphere to pieces! Atmosphere is air in a jar. The HS is a hurricane!,NO
6419,"Would you blow me kisses
If I kept my distance?
Would you send a hurricane
As proof of your existence?",NO
6424,HURRICANE GUILLERMO LIVE NOAA TRACKING / LOOPING WED.AUG.5TH ~ http://t.co/QktRt2J1o8 ~  http://t.co/b0JxS5QKkh http://t.co/KP05TOwSfM,YES
6426,@leeranaldo expressing his rage about Hurricane Sandy #LCOutOfDoors http://t.co/IwPR2qGYsI,NO
6428,@BPGVII_GOAT thanks bro ????,NO
6431,Happy birthday bro ?? @Hurricane_Dolce,NO
6432,Brooklyn Sites Get $2.6 Million to Undo Hurricane SandyÛªs Toll http://t.co/HukwD0RE2a,NO
6433,I'm a hurricane.,YES
6435,Udhampur terror attack: Militants attack police post 2 SPOs injured: Suspected militants tonight attacked a p... http://t.co/nZAFokxX0h,YES
6437,I'm thinking maybe just wait til after all the preseason games just in case somebody gets injured.,NO
6439,4 dead dozens injured in Gaza blast near house leveled in summer war - Washington Post: New York Times4 dead... http://t.co/7C2qhMwtv5,YES
6442,@NewsBreaker @sothathappened SO wheres the story? Anybody injured? Where did this happen?,NO
6444,#???? #?? #??? #??? Udhampur terror attack: Militants attack police post 2 SPOs injured - Times of   http://t.co/1KxsGlsTA7,YES
6447,Man injured in Radcliff shooting http://t.co/3iYXOoaCW6,YES
6456,Harper Woods policeman injured in fight after dead man found in garage: Ronnie Karjo 46 of Macomb Township http://t.co/tUoTICilBi,YES
6457,"#Redskins WR DeSean Jackson injures right shoulder at training camp today. Watch the play HERE: http://t.co/GABecyzBzJ
@wusa9 #SkinsOn9",YES
6460,I made him fall and hegot injured https://t.co/XX8RO94fBC,NO
6468,@LoganMeadows11 @ChristianStec_ he's weak sauce he got injured by a sled,NO
6471,Terrorists open fire at Udhampur police post 2 SPO's injured firing underway - See more at:... http://t.co/7jmGwOgqnh,YES
6475,@Braves_Ninja @david_brelsford For Freddie before being injured this year it was a great deal,NO
6476,RT- Udhampur terror attack: Militants attack police post 2 SPOs injured: Suspected militants tonight at... http://t.co/wN414hp9hZ #News,YES
6479,@TOI_India Udhampur terror attack: Militants attack police post 2 SPOs injured: Suspected militants tonight a... http://t.co/EWCkcfBI28,YES
6483,Neelum Valley teen dies in 'dud shell' explosion: MUZAFFARABAD: A teenage boy was killed and his peer was injuredÛ_ http://t.co/GuRdZEPMhu,YES
6487,@wral there are now 5 fire trucks and 2 ambulances at Wellington ridge lp in Cary. one of the units is on fire. not sure on injuries,NO
6488,@EdmontonEsks SB Adarius Bowman says team leadership and depth have helped through some key injuries https://t.co/hCnmZsfNcI #yeg,NO
6489,4 Common Running Injuries and How to Avoid Them http://t.co/26HWLpWmXr,NO
6496,8/5 Arizona Cardinals news: Jaron Brown makes headlines minor injuries continue to build http://t.co/QxKncvlrh1 http://t.co/KJnhNPMxGr,NO
6498,@RVacchianoNYDN @NYDNSports glad to see a career rebirth for him.  Loved him in Carolina  injuries just caught up to him.,NO
6502,@nflnetwork @AZCardinals what's up with all the injuries..,NO
6503,@JaeSmoothCYB he was going to be. We still have our leading rusher from LY so we should be ight barring any injuries,NO
6507,San Francisco 0 I80 E **Hit and Run No Injuries** http://t.co/lp9TBu7KzH,YES
6508,cmon injury bug this shit aint funny we suffered enough injuries last year...,NO
6509,#BreakingNews Mva / Multiple Injuries - Saint Petersburg FL: E7 requesting R7 &amp; 2 sunstar units for injuriesÛ_ http://t.co/0XRysEpQhL,NO
6517,@ringsau and injuries can account for elevated levels of tb4 Richard?,NO
6521,Let's be thankful most of these injuries are minor &amp; it's still camp. Relax a little #birdgang. No one is cursed &amp; no injury bug hit.,NO
6522,@MichiganAutoLaw's @SteveGursten will discuss #autoaccidents &amp; so-called 'mild' #TBIs on his @JusticeDotOrg webinar. http://t.co/ZUM3mluCYS,NO
6524,If Tyuler Collins could become Andy Dirks before the 58 injuries..that would be uiseful,NO
6526,I guess this is where I'm confused sites have week one pricing up alredy. We haven't even had injuries yet.,NO
6531,No injuries reported after Green Line train derails on South Side http://t.co/nM7HuH3bjC,YES
6533,Wishing injuries on opposition players. I get rivalry but miss me with all that petty shit.,NO
6538,Low self-esteem is a common cause of self injury affecting over 40% of young people personally or someone they know. https://t.co/xeLoapZp6R,NO
6539,CLEARED:incident with injury:I-495  inner loop Exit 31 - MD 97/Georgia Ave Silver Spring,NO
6544,incident with injury:I-495  inner loop Exit 31 - MD 97/Georgia Ave Silver Spring,YES
6557,Supermarket chains recording worst #injury rates among ASX100 companies #safety http://t.co/njiv1n6rYr,NO
6558,Ankle injury to keep SpursÛª Marjanovic out of Eurobasket http://t.co/UBCggEHqyN #spurs #NBA,NO
6562,nflweek1picks: Michael Floyd's hand injury shouldn't devalue his fantasy stock: Michael Floyd's damaged digits won... Û_,NO
6563,New post: Cowboys believe Lance Dunbar&amp;#039;s ankle injury not serious http://t.co/XMCRedFXAt,NO
6564,@_keypsters full game? Injury cut is here https://t.co/YYqws4sO9J,NO
6574,Enter the world of extreme diving ÛÓ 9 stories up and into the Volga River http://t.co/gptysALfKi,NO
6578,New post: Texans report: QB battle unaffected by Foster&amp;#039;s injury http://t.co/IgH2PAAHnK,NO
6581,Ben Heenan carted off the field at @Colts training camp.. No word on how serious the injury is #colts #nfl,NO
6584,Michael Floyd out 4-6 weeks with a hand injury. #Cardinals http://t.co/bnMKlPZNiP,NO
6587,ÛÏWe live in an area thatÛªs inundated with wildlife...If people donÛªt learn how to get along or live with them... http://t.co/KZXV6DWQ6E,NO
6589,@eliistender10 @Splats although originally an April Fools jokethey're seriously considering making them after being inundated with requests,NO
6590,@TheBrooklynLife @Giants I just want to go to the game. Enjoy it. Not be harassed.  Not be inundated with pink gear. That's all I ask!,NO
6592,@Ryanair I am waiting to hear about my claim for compensation. I have received an email saying you are inundated so there will be a delay??,NO
6595,Mexican beaches inundated with algae http://t.co/Kcm4sgrceR,NO
6599,"Our children are being inundated with the false ideas that #homosexuality is
normal and acceptable.",NO
6600,@TypeEd been a bit inundated w. Illustrative work  BUT would love to catch up! ??????,NO
6606,"[Brutally Honest Technology ]

Day after day we are inundated with messages issued via machine. Phones.... http://t.co/pB4Vbv01ax",NO
6609,So it doesn't mean inundated with tweets? @Dictionarycom's #WordoftheDay - twitterpated http://t.co/pxoQ1TRXqr #UseYourWords #author #writer,NO
6612,It seems that we are inundated with ideas for large #weddings. Small intimate weddings are often not highlighted... http://t.co/Jshxfvllly,NO
6615,WARNING: This string will be inundated with wisdom to replenish a a leaderÛªs weary soul this day. #Sorry #NotSorry #GLS15,NO
6618,Ever notice if you follow too many fan sites they all seem to run together &amp; you feel like you are inundated with the same posts over &amp; over,NO
6620,@Rossifumibhai @alexeeles all 6 of them?! As you can see from the pic they were clearly inundated. Good try though,NO
6623,MY SCHOOL IS INUNDATED and they wont let us go home til 4pm help,NO
6633,.@38_degrees Hello. I have been inundated by people Tweeting me about some Unilever thing in India I know nothing about.,NO
6639,#EPAO MARSAC reports on Manipur flood: Heavy incessant rains in Manipur have led to inundation causin... http://t.co/rh7m7T9Gd9 #MANIPUR,YES
6640,@womanxking Well you're safe in NY. Avoid inundation zones in the pacific north west though.,NO
6641,"Punjab government flood relief platform: 

http://t.co/bpG68gXI9k 

realtime information on inundation damages... http://t.co/c8T9ThI7Wd",NO
6645,Inundation subtle influence distress ideas-the sociologist relative to a doer: Mhl,NO
6650,@R_o_M by a landslide.,NO
6651,Is this the real life? Is this just fantasy? Caught in a landslide. No escape from reality.,NO
6652,TommyGShow: Burlington County offers to purchase landslide-damaged properties in Florence http://t.co/xgguElyxyi,YES
6657,However piece of virtu site fixing bath give the gate display landslide on yours movement: DKHQgv,NO
6659,@kdudakia I get that there has been a massive turn away from Labour but that does not = electoral landslide. Credits tories too much and...,NO
6666,WATCH: Likely landslide victims denied assistance again http://t.co/BxiohtiC5X,NO
6671,@preeti_chopra2 @chinmaykrvd many predicted landslide for nitish nd told bjp will loose bihar nd won't even get upper castes votes,NO
6673,Artifacts found in southern Indiana landslide near Horseshoe Casino http://t.co/BdB0NpgPkH http://t.co/jbCC0KShol,YES
6674,it's actually funny how chihaya remains a relatively static character for most of series so far and then suddenly develops like a landslide,NO
6677,I liked a @YouTube video from @seeiey http://t.co/d8NWQce3EW Seeley - Landslide,NO
6680,.@MartinMJ22 @YouGov Which '#Tory landslide' ... you can't POSSIBLY mean the wafer-thin majority of #GE2015?!!,NO
6684,@RakestrawJeff @GOP That about sums it up. Give them a historic landslide and they do everything King Barack wants. It's just incredible.,NO
6685,omg it is I can go in dungeons with Landslide Krag now &lt;3,NO
6691,5 need to-dos seeing as how technical writing administer apps that landslide: QCt,NO
6692,"Dixie Chicks - Landslide - ??can I sail through the changing ocean lides??
??can i handle the seasons of my life??
 http://t.co/jRsGmTT3AI",NO
6696,#CecilTownship seeks emergency repairs to Southpointe Boulevard landslide: http://t.co/ZjJdt3so72,NO
6698,How as far as landslide high exploit even with statesmanlike cv final draft inaugural?: jGIsAvq,NO
6704,Get excited to watch Disney/Pixar's LAVA an animated short before Inside Out! Learn more: http://t.co/1VdXSWdRp9 http://t.co/iQ4BZUCvIg,NO
6705,@Miss_Instiinctz or mostly around lava too,NO
6710,'I lava you' ???? @kherr122,NO
6713,Jordan Son of Mars - Hot Lava release on 07/22/2015 for $160 via http://t.co/wBAqDzMD6W #KoFapp http://t.co/BkdjKSgtjj,NO
6715,Watch Steaks Being Grilled Over Molten Hot Lava http://t.co/yxns3IiXjv http://t.co/lcM66dHn1l,NO
6717,@Lavamobiles    ..i have lava iris 3G 402,NO
6718,PSA: MISTI IS ABOUT TO MAKE LAVA CAKE???? #bestdayeva,NO
6720,I lava you,NO
6728,"@YoungHeroesID 
4. LAVA BLAST dan POWER RED #PantherAttack @Mirnawan_13 @Zakia_kiia",YES
6732,When the game tells you to stop going to the Nether by spawning you right over lava. GG @AlienatePlays http://t.co/rGc1afqLmN,NO
6733,White Pink Lava Bracelet10mm Lava Beads Bracelet Silver Tone Û_ https://t.co/DKdmLZyRii #etsymntt #HandmadeJewelry http://t.co/WYg4OUGQY3,NO
6739,@_Souuul * gains super powers im now lava girl throws you ina chest wrapped in chains &amp; sinks you down the the bottom of the ocean*,NO
6740,@YoungHeroesID Lava Blast &amp; Power Red &amp; Mix Fruit. @Niastewart3 @NRmawa #PantherAttack,NO
6741,HE SAID THE DOMINOS LAVA CAKES WERE BETTER THAN CULINARY CUISINE,NO
6743,@gracemccreave_ @jamisonevann @jace_swain @_laneyslife @JacksonLaurie1 lava boy was taken,NO
6747,I lava you ??,NO
6750,It doesn't get any closer. Heavy rain just barely missed @TontitownGrape festival but lightning TOO CLOSE #TGF2015 http://t.co/S53zvMS5Rf,NO
6752,Science Info #JGF Lightning reshapes rocks at the atomic level http://t.co/R5MwlzvVHA,YES
6753,World War II book LIGHTNING JOE An Autobiography by General J. Lawton Collins http://t.co/a7iqMhvLSm http://t.co/b9vTkDjJ33,NO
6755,It doesn't get any closer. Heavy rain just barely missed @TontitownGrape festival but lightning TOO CLOSE #TGF2015 http://t.co/d9PQIXaTX6,NO
6761,Baby you're like lightning in a bottle,NO
6763,Lightning  #rebeccafav http://t.co/q9Q87mDEzY,NO
6768,Southeast Regional is in a lightning delay. Buckle up folks this is gonna take awhile.,NO
6770,iCASEIT - MFi Certified Lightning Cable - 1m http://t.co/b32Jmvsb1E http://t.co/Wnp8jkyESp,NO
6771,Lightning express golf trolleys fix ramify pretty much multitudinal areas on thine disposed: kWXGgt,NO
6777,World War II book LIGHTNING JOE An Autobiography by General J. Lawton Collins http://t.co/ihxkforg4I http://t.co/jD6lcRuOHA,NO
6778,@LtDalius after democracy,NO
6780,BANG 3 Fuckin phenomenal,NO
6782,Two Films From Villanova University Students Selected As 2015 Student Academy Award Finalists: Lightning struckÛ_ http://t.co/4jyQfhHmXf,YES
6786,It doesn't get any closer. Heavy rain just barely missed @TontitownGrape festival but lightning TOO CLOSE #TGF2015 http://t.co/zMtOp65Kx2,NO
6791,Lightning http://t.co/9DQhdEi357,NO
6797,@Followtheblonde @reba RED THUNDER AND BLONDE LIGHTNING BACK IN ACTION??????,NO
6798,Leesburg Lightning and Altamonte Springs Boom scoreless in seventh inning in FCSL playoffs,NO
6803,Soon to be loud bang as backpack detonated.,NO
6805,iBliz140: Breaking news! Unconfirmed! I just heard a loud bang nearby. in what appears to be a blast of wind from my neighbour's ass.,NO
6812,TksgS0810: Breaking news! Unconfirmed! I just heard a loud bang nearby. in what appears to be a blast of wind from my neighbour's ass.,NO
6816,k_matako_bot: Breaking news! Unconfirmed! I just heard a loud bang nearby. in what appears to be a blast of wind from my neighbour's ass.,NO
6818,kiilud: Breaking news! Unconfirmed! I just heard a loud bang nearby. in what appears to be a blast of wind from my neighbour's ass.,NO
6822,Kimanzi_: Breaking news! Unconfirmed! I just heard a loud bang nearby. in what appears to be a blast of wind from my neighbour's ass.,NO
6825,shrnnclbautista: Breaking news! Unconfirmed! I just heard a loud bang nearby. in what appears to be a blast of wind from my neighbour's ass.,NO
6826,tarmineta3: Breaking news! Unconfirmed! I just heard a loud bang nearby. in what appears to be a blast of wind from my neighbour's ass.,NO
6827,matako_milk: Breaking news! Unconfirmed! I just heard a loud bang nearby. in what appears to be a blast of wind from my neighbour's ass.,NO
6829,Sun_OfGod: Breaking news! Unconfirmed! I just heard a loud bang nearby. in what appears to be a blast of wind from my neighbour's ass.,NO
6831,I just heard a really loud bang outside my bedroom door and Im afraid,NO
6836,Man Hears a Loud 'Bang' Finds a Newborn Baby in a Dumpster http://t.co/W815ol0mBV via @ijreview,YES
6838,"School Bouta Start: 

Back To These Ignorant Ass Kids

Loud Ugly Want Be Seen Girls 

Niggas That Want Be Down

Aggravating Ass Teachers
??",NO
6840,*loud bang from coworkers desk* *everyone snickers*,NO
6842,"*Hears loud bang upstairs*
*goes outside sees 2nd floor window open*
*checks every room with a baseball bat in hand*",NO
6846,JohnMtaita: Breaking news! Unconfirmed! I just heard a loud bang nearby. in what appears to be a blast of wind from my neighbour's ass.,NO
6851,@AMAAS @JD_marsh22 just carry a gun. No way you get charged when you stop a mass murder,YES
6853,Candlelight vigil at my house tonight for the victims of the mass ant murder (by me) in my bathroom sink. There will be snacks.,NO
6856,@Alex_the_murder *i start making displeased absol noises as i struggle to get out of my own twisted mass of blankets and sheets*,YES
6859,@noah_anyname Socialism means mass murder. Houze that for 'correlation'?,YES
6865,Watching Murder in the First and you get the perspective from the family of the mass shooter person...it's crazy the pain they're in...,YES
6866,RedScareBot: Duck and Cover! RT tanstaafl23: noah_anyname Socialism means mass murder. Houze that for 'correlation'?,YES
6868,70 yrs since the atomic bombing of Hiroshima... Terrible mass murder...,YES
6869,'Prompt and utter' mass murder  https://t.co/BRU7t5UzUy,YES
6871,Plane debris is from #MH370 - it was a controlled crash. In other words it was mass murder by a musim http://t.co/J3xFDg9CWF @newscomauHQ,YES
6873,@Rawrheem: I can give you verses directly from the Qur'an that mandate terrorism mass-murder mass-rape genocide etc. Would you like them?,YES
6886,@Conservatexian Farrakhan calling for 10000 men to rise up &amp; commit mass murder. http://t.co/gV84WNhB7S,NO
6887,http://t.co/FhI4qBpwFH @FredOlsenCruise Please take the #FaroeIslands off your itinerary until the mass murder of dolphins &amp; whales stops.,YES
6888,@Cynicalreality when the subject is mass murder. @LetsBe_Rational @MishaWeller @llr517,YES
6889,Today marks 70 years since the mass murder of 140000 civilians in Hiroshima. The bombing of Hiroshima and Nagasaki did NOT end WW2,YES
6891,@CamPepperr @RiceeChrispies Then he would go to jail. But that wasn't a mass murder was it? It was a mistake that he made and he doesn't,YES
6894,Amazing how smug this guy is about the use of mass murder as a global power play. https://t.co/AlTTBJy8B9,YES
6895,Like bro they just committed a mass murder. You think they're gonna be scared to get guns illegally ????,YES
6899,RT greta: Movement to impeach SA Pres #Zuma ÛÒ accused of helping mass murderer Pres #Bashir of #Sudan escape #genoÛ_ http://t.co/pnxhxlX9uP,YES
6901,Asad is also a mass murderer.  https://t.co/dZOReZpxvR,NO
6902,RT EmekaGift: VPSay NO to President Obama hosting Muhammadu Buhari the #pedophile #terrorist &amp; #mass-murderer,YES
6904,Sooooo shooting up movie theaters the new mass murderer wave??,NO
6906,@AParra210 So you are stereotyping the people. Are you a mass murderer like today's shooter?,YES
6922,So wait he really not gonna tell his wife that he is a mass murderer now and a cheat #derailed @itv2...I'm done with this film ????,NO
6923,This is worth a re-read: 'A MASS-MURDERER' By Stuart Syvret http://t.co/C9UAyjrXt9 via @gojam_i_am,NO
6924,A Tomb Raider / Uncharted game where Lara Croft / Nathan Drake is finally on the run for being a ruthless mass murderer in the recent games.,YES
6927,I am disgusted by @libertarianism and @CatoInstitute for celebrating a mass murderer of innocents today.,NO
6934,Mass murderer had sex without touching each other or taking their clothes off because he was so fanatical on hygiene http://t.co/RfewQRGzbs,YES
6938,Sounds pretty sensible for a mass murderer... https://t.co/qZZxFYSIU1,YES
6941,Just now convicted mass murderer James Holmes told the judge he won't use his right to ask jury for mercy in his own words. #TheaterTrial,YES
6942,also loki is treated too nicely for the fandom as a mass murderer but we all know why :),NO
6944,@Phoenix_Blue People will create rumors no matter what. The bottom line is giving fifteen minutes of fame to a mass murderer does no good.,NO
6947,"#FromTheDesk of King George Kenyatta Muumbo at the Kings African Citizens

Thanks to #QuantumDataInformatics we... http://t.co/L6EYfDXaAx",NO
6952,1 TRILLION Dollar Lawsuit Filed Against MSM For 'Staging Sandy Hook Massacre' http://t.co/qutzvk9xoP,NO
6957,embrace the beauty of the massacre that lies ahead,NO
6958,3 Years After the Sikh Temple Massacre Hate-Violence Prevention Is Key | Colorlines http://t.co/iJoORKaGyj,YES
6964,@stefsy14 the birthday massacre!!!,NO
6968,"@xMissXanthippex lmao exactly
Especially who they challenged. I didn't want michael jackson popcorn OR kermit tea watching that massacre",NO
6969,"@WCBD 
Parents of Colorado theater shooting victim fear copycat massacre

http://t.co/LvlH3W3aWO
#Antioch

http://t.co/vIwXY1XDYK",YES
6976,What person would possibly make a horror film about the Isla Vista massacre in order to make money off of our tragedy?,NO
6982,One Year After Massacre IraqÛªs Yazidis a Broken People http://t.co/pHqK28doni,YES
6986,The same UN who stood&amp;watched the Serbs massacre thousands of muslims in Yougslavia ?don't need any lessons off them https://t.co/Ubf3CFzfEX,NO
6987,"TimesNewsdesk : Police link beach massacre to Tunisia museum attack
Û_ http://t.co/g11Rd44rgW) http://t.co/n834UntFf1",YES
6989,Letter after Glencoe Massacre Scotland ' Who will provide me with meat for my table ? Now that my red haired warrior is gone forever ',NO
6991,Thus ends the clam massacre of 2015. #clambake #showgirldayoff https://t.co/PtyUJJi67T,NO
6993,Saturday Night Massacre ? 25 Years Later #TomLandry?s Firing Still A Day of Infamy http://t.co/MlA71Y7mMW,NO
6995,Tonight It's Going To Be Mayhem @ #4PlayThursdays. Everybody Free w/ Text. 1716 I ST NW (18+) http://t.co/N8w252JoVT,NO
6997,The adventure continues in Terraria 1.3 join us for more hijinks and mayhem.  :-) http://t.co/MZcDdOYKen,NO
7000,@RaynbowAffair Editor In Chief @DiamondKesawn Releases Issue #7 http://t.co/UH6mXI0Uwz of #RAmag. #Fashion #Models and #Mayhem,NO
7003,Slayer Reflects on Low Mayhem Festival Attendance King Diamond &amp; Jeff Hanneman's Passing http://t.co/E4hcbQSltu,NO
7004,@ESWEnrage I was a fan back then sadly and even went as her for Halloween in 2007. But I got better. LOL.,NO
7007,'Mumbai attack mayhem was planned and launched from Pakistan'Ex-Federal Investigation Agency (FIA) chief Tariq Khosa. http://t.co/xzSP5JhVfc,YES
7011,Wed Aug 8 !  #Mayhem @ Avalon !  19+ Event ! July &amp; Aug Bdays Free! Tix -&gt; http://t.co/1oZe4aW3Ju Txt (818) 447-8427 http://t.co/uzpKaRBAQv,YES
7014,Episode 1 'Mad Dash Mayhem' Preview Video: Season 14 kicks off with newbie designers arriving at New York's M... http://t.co/XVGHljahrR,NO
7016,@TheDreamingGoat @mayhem0407 @RobertoSAGuedes Mayhem is my husband by the way. :),NO
7017,"RETWEET #FOLLOWnGAIN

@TheMGWVboss 

??#FOLLOW?? ?~( ??~Û¢)~? @ynovak @IAmMrCash @Frankies_Style @MamanyaDana @Mayhem_4U",NO
7020,Slayer at Rockstar Mayhem Festival #slayer #metal #concertphotography #houston #livemusic #canonÛ_ https://t.co/5FrWySzwrs,NO
7022,Tonight It's Going To Be Mayhem @ #4PlayThursdays. Everybody Free w/ Text. 1716 I ST NW (18+) http://t.co/wDefhbkF9g,NO
7028,Tonight It's Going To Be Mayhem @ #4PlayThursdays. Everybody Free w/ Text. 1716 I ST NW (18+) http://t.co/omYWCLpGEf,NO
7033,PNC Bank Arts Center shooting: Holmdel man nabbed http://t.co/tvmD14uikO,NO
7034,El Nino is getting stronger! Monster weather system may bring relief to California but it could cause 'mayhem' elÛ_ http://t.co/A9PoFHBbjf,YES
7035,Oh Shelly your waffle wasn't 'a little blonde.' Your waffle was Madonna circa 1987. #NowYouKnow #MasterChef,NO
7038,Slayer Reflects on Low Mayhem Festival Attendance King Diamond &amp; Jeff Hanneman's Passing http://t.co/ysKaDmFBbB,NO
7040,Tonight It's Going To Be Mayhem @ #4PlayThursdays. Everybody Free w/ Text. 1716 I ST NW (18+) http://t.co/iW2OTzQFkH,NO
7041,@RaynbowAffair Editor In Chief @DiamondKesawn Releases Issue #7 http://t.co/fa0Jt1Yqru of #RAmag. #Fashion #Models and #Mayhem,NO
7042,New featcha! @METZtheband's Alex Edkins talks about the @subpop-signed band's jarring mayhem: http://t.co/d0RkCl61Fb http://t.co/7JwJTXqCas,NO
7045,@julescheff @Z_Hoffman96 haha yes! I was just with Zack at Madsummer meltdown,NO
7049,Tumblr collective meltdown. #sebastianstanisaliveandwell #civilwar ?????? http://t.co/WOc1TeVVMP,NO
7055,@rymathieson are you coming to meltdown!,NO
7057,Apple's momentum 'meltdown' bites investors - http://t.co/hsECqcdc7P #Apple #Stocks #Crash #TimCook #Investment,NO
7062,.@RonFunches Loved the @meltdown_show set combined two things I enjoy: wrestling and Ron Funches.,NO
7064,The U.S. will experience an economic meltdown similar to the early 2000s mortgage shit show due to student loans. You heard it here first ????,NO
7066,.@kumailn love your #irongiant t-shirt on tonight's #meltdown,NO
7067,Craving a triple chocolate meltdown from bees rn,NO
7072,"@GRAMZD It would be an honor meeting you at the meltdown on Friday. 

Hope you like #dabs. http://t.co/MpJ2u4QSYi",NO
7079,CommoditiesåÊAre Crashing Like It's 2008 All Over Again http://t.co/EM1cN7alGk,NO
7082,The meltdown I'm currently witnessing makes it seem like a delayed flight is a true anomaly instead of y'know the expected outcome.,NO
7083,@ChelseaVPeretti's bit on @meltdown_show was also gold.,NO
7084,@SBJohn12 I'm still waiting for one of these trailers to make up for the Mets Btm 9th 2out Rain Delay come back give up 3 runs meltdown,NO
7085,meltdown #1,NO
7087,CommoditiesåÊAre Crashing Like It's 2008 All Over Again - Bloomberg Business http://t.co/oxCuUqPOmR,NO
7090,"Byproduct of #metal price meltdown is a higher #silver price
http://t.co/KBC2Ax8Zl9",YES
7094,Maybe after half-way party we will get drunk Meg and she'll flirt with Clay again. Then we can have a Shelli meltdown. #BB17,NO
7096,Inspectors So Far Denied Access to Iran's Scientists - Wall Street Journal http://t.co/SuR3odwMKa http://t.co/2VSX1yO5hT,NO
7099,Admiral Says Public Schools Nationwide Shortchanging Military Kids | http://t.co/g0q0bzBjli http://t.co/rbt3mLhlX7 via @Militarydotcom,NO
7100,New Boonie Hat USMC Airsoft Paintball Military Cap Woodland Camo CP030 http://t.co/EGqE35I5pI http://t.co/uaBRYnHkn7,NO
7101,Texian Iliad: A Military History of the Texas Revolution by Hardin Stephen L. http://t.co/RrIDS0mrJ1 http://t.co/wybtUk7LbG,NO
7102,US Military EM 951 Auto-Mechanics Course Vols 1-5 - 1944 - WWII http://t.co/lY6S5MH3vR http://t.co/c29V8UBXcq,NO
7103,13 reasons why we love women in the military   - lulgzimbestpicts http://t.co/BcBfCStZXh http://t.co/ViK72Id8Zu,NO
7107,VINTAGE EAGLE 4' OIL CAN OILER FOR WWII JEEP MB GPW MILITARY  VEHICLE TOOL KIT http://t.co/9tpFRN725P http://t.co/hVH6b3wOLg,NO
7110,13 reasons why we love women in the military   - lulgzimbestpicts http://t.co/tRgPWOuj6X http://t.co/GEMNUZoCeb,NO
7113,@weakley00 the military,NO
7117,No joke military men are the hottest thing.,NO
7119,@SocialJerkBlog My husband was in the military and he does that. It ends up in seat shuffling sometimes. ;),NO
7123,VIDEO=&gt; Barack Obama: America Has a Mindset that ÛÏPrefers Military Action Over NegotiationÛ http://t.co/kLs6UPlw0T via @gatewaypundit,NO
7127,Ford : Other Military VERY NICE M151A1 MUTT with matching M416 Trailer - Full read by eBay http://t.co/RJ83YE5c1S http://t.co/2rWRU0jP0U,NO
7133,Obama warns there will be another war without Iran deal #military http://t.co/gM7QlTRLuW http://t.co/wTutMlHDMH,NO
7139,M9A1 PHROBIS III GREEN BAYONET MILITARY COMBAT SHEATH KNIFE NR http://t.co/dKxe44M8v9 http://t.co/A4PfB5Lt17,NO
7143,@GorillaThumbz @FoxNews @jonathanserrie 'For sale Canadian military rifle dropped once',NO
7145,@AlexxPage cried at the mudslide cake ??,NO
7151,#Tajikistan #Mudslides #China aids to #Mudslide-hit #Tajiks http://t.co/BD546mtcpN,NO
7152,The one with the chocolate mudslide  #BakeOffFriends @BritishBakeOff @BBCOne #GBBO,NO
7153,When you can eat a whole wet burrito and mudslide in 5 minutes. http://t.co/lljzxY8Pc2,NO
7156,Paul Hollywood 'what happened....looks like a mudslide... It's like chewing on a rubber tyre... It looks a mess...' Oh dear Dorrett! #GBBO,NO
7162,"oh my god.. never felt so sorry for someone  :-(
#blackforestgateau #mudslide #gbbo2015",NO
7170,@picniclester it was a mudslide,NO
7172,Loving this!!! Who watched tonight's #greatbritishbakeoff what did you think? #ineedcake #mudslide ?????? http://t.co/c743tLryWd,NO
7177,new name: mudslide,NO
7181,"Looks like a Mudslide!

#GBBO",YES
7182,@curryspcworld looks like a mudslide. Unreal scenes.,YES
7189,@melindahaunton mudslide lady is a good shout,NO
7190,@bottleowhite i had to cover my eyes with the mudslide #toopainful,NO
7200,@patrickandsam @ghaccount I've been screaming natural disaster for months but now idk. Maybe a hospital crisis.,YES
7207,Home Inventories Can Help all Homeowners  in Case of Natural Disaster - ABC News http://t.co/RNWvkBkhWU via @ABC,YES
7209,#Nepal Magnitude 4.3 tremor rattles #Dolakha as #aftershock counts 367 | Recent Natural Disasters : http://t.co/Re1d5ffcSx,NO
7212,More Natural Disaster Research Urgent http://t.co/5Cm0LfZhxn via #JakartaPost,YES
7216,natural disaster on you half ass rappers,YES
7217,IRIN Asia | Red tape tangles Nepal reconstruction | Nepal | Disaster Risk Reduction | Natural Disasters http://t.co/q7LG6ncf7G,YES
7219,Expert Prepper: Financial Collapse Natural Disaster Failed Grid... http://t.co/5tf4CV4KeI http://t.co/KqYCFkcLr5,YES
7220,Does more trust = more giving? Natural disaster yes - regular giving - maybe!  | Pro Bono Australia https://t.co/rXG0BvBBuS via @ProBonoNews,NO
7222,The Return of Planet-X Book by Jaysen Rand Wormwood Natural Disaster Survivors http://t.co/k8cgZiirps http://t.co/d5sXGvp2pI,YES
7225,Washi is indeed 'A Natural Disaster' ????,YES
7233,I added a video to a @YouTube playlist http://t.co/Ei5Z52tohR Natural Disaster Survival ep.7 '2079 Bacon Hair...',YES
7237,RT Karnythia: Another #ErasureIsNotEquality example? Movies like The Impossible about a natural disaster in Thailand that focuses on white Û_,YES
7238,@jonk @jamucsb Hopefully this vacation *doesn't* include an earthquake or other natural disaster!,YES
7239,New 15-Day Emergency food supply for natural disaster Earthquake Flood Tornado http://t.co/6hrlBLiIcO http://t.co/WS0nVDUZqW,YES
7240,How You Can Help The Community In The Event Of A Natural Disaster - http://t.co/42LgdZXz62,NO
7243,TRAIN ACCIDENT IN HARDA (M.P.) IS NOT NATURAL DISASTER. IT SHOWS FAILURE OF MINISTRY OF RAILWAY.PROPER CHECK AT FIXED INTERVAL IS NEEDED.,YES
7245,This was amazing. Probably couldn't have watched if still living in Japan. Scary. Nuclear Meltdown Disaster | Nova http://t.co/j00WxMJRya,YES
7246,Chronicles of #disaster:#Hiroshima in the #Yale Library #archives http://t.co/xqIqGMI0Op  Calls to end 'absolute evil' of #nuclear #weapons,YES
7249,"No authorities of Japan take responsibility about Nuclear disaster.
Nobody have confidence in safety of Nuclear Plants in Japan.
#AnonymousÛ_",YES
7257,Digital archive of public documents on the 2011 nuclear catastrophe at Fukushima launched. http://t.co/faJnMjNcxp,YES
7258,Less consuming less energy to avoid nuclear disaster again and again.,YES
7259,truthfrequencyradio Third of US West Coast Children Hit with Problems Following Fukushima NUCLEAR DISASTER: FU... http://t.co/7ktvkW3sS0,YES
7262,http://t.co/kPbtBLRKsB Japan's Nuclear Disaster and it's ongoing side effects.,YES
7263,3 former executives to be prosecuted in Fukushima nuclear disaster http://t.co/uNTyEVXR4v,YES
7269,Check out 'NOVA | Nuclear Meltdown Disaster' http://t.co/ZzxM74d7qV #PBS,YES
7271,Rare photographs show the nightmare aftermath of #Hiroshima | #NoNukes #Amerikkka #WhiteTerrorism #Nuclear #Disaster  http://t.co/8tWLAKdaBf,YES
7273,3 former executives to be prosecuted in Fukushima nuclear disaster http://t.co/EmWU8Xksdu,YES
7276,Fukushima Watch - Fukushima Watch Nuclear Disaster: Welcome. Welcome To Fukushima Watch offering t... http://t.co/M0KJdlwKFB #fukushima,YES
7279,30 Years After the Chernobyl Nuclear Disaster via @fubiz http://t.co/N4B59iqm94,YES
7282,"Safety by #Nuclear regulatory committee of Japan is already weakened by Authoritarian that caused Nuclear disaster
@nytimes @guardian @WDR",YES
7284,The people who tweet and care about #Japan #Fukushima nuclear disaster are not the problem those who ignore are the problem.,YES
7293,@Lacci Yes it's a disaster. To shut down all nuclear power plants would be to reverse ALL the gains from renewables so far.,YES
7298,Nuclear-Deal: Indo-Japan pact lies at the heart of two US reactor-based projects: If Japan were to go ahead an... http://t.co/mvwdm9ZbcV,YES
7303,SEALED The Nuclear Regulatory Commission Reactor 1980 Record New Wave Art Rock http://t.co/FS9w33aczP http://t.co/7sywMf0EQU,NO
7304,"Nuclear-Deal: Indo-Japan pact lies at the heart of two US reactor-based projects - The Indian Express 

Read more... http://t.co/FMxmNNRDFe",YES
7305,US Navy Sidelines 3 Newest Subs http://t.co/qmAFzALxpL,NO
7308,@MaximEristavi Meanwhile in Finland: Nuclear project with Russian Rosatom moves on http://t.co/ogkoeFvzrj,NO
7313,Finnish ministers: Fennovoima nuclear reactor will go ahead http://t.co/rcLgI3tWAi,NO
7314,#NuclearPower Global Nuclear Reactor Construction Market grew 4.5% between 2013 and 2014: Û_ Nuclear Reactor Co...  http://t.co/BXPjjeQDrG,NO
7321,ThorCon: A Thorium Molten Salt Reactor System that can be built Now https://t.co/K90M1qoE9q #thorium #Auspol #climate #nuclearrcSA #nuclear,NO
7322,Steam pipe problems sideline US #Navy's 3 newest #submarines. #breaking news. My story at http://t.co/L8QFRdwBPg http://t.co/JrzjtqjSi7,NO
7327,Navy sidelines three newest submarines pending steam plant inspections @defense_news writes: http://t.co/zTm4KPkLUn,NO
7333,they're gonna fucking steal a nuclear fission reactor,NO
7336,Finnish Nuclear Plant to Move Ahead After Financing Secured http://t.co/S9Jhcf3lD7 @JukkaOksaharju @ollirehn @juhasipila,NO
7339,@AlbertBrooks Don't like the Ayatollah Khomeini Memorial Nuclear Reactor for the Annihilation of Israel? Racist!,NO
7341,"http://t.co/N6Semm2M6i

SAN ONOFRE NUCLEAR REACTOR WASTE TO BE BURIED UNDER SHORELINE USING 3 BILLION IN TAX PAYER DOLLARS",NO
7346,@TrinityFox_ he would obliterate anyone who gets in the way of sleep,NO
7347,Watch Sarah Palin OBLITERATE Planned Parenthood For Targeting Minority Women! ÛÒ BB4SP http://t.co/JWfAAu1my5,NO
7349,It is insanity to call Climate Change more dangerous than Muslims wanting to obliterate America and Israel.  https://t.co/aA6S66huXh,NO
7351,@RondaRousey Though I am certain that you would obliterate me fighting you would be pretty cool,NO
7353,@BattyAfterDawn @DrawLiomDraw he's a good cute.  The kind of cute I want to obliterate.,NO
7363,Watch local act Nathaniel Rateliff &amp; the Night Sweats obliterate the #JimmyFallon show! Link: http://t.co/pHbt1nWNZT http://t.co/v1yH353emJ,NO
7364,@MilesWithTate but seeing the writers obliterate their characters will piss me off. So it's bad either way,NO
7368,This is progress? Weaponry to obliterate every trace of natural life? This is absolute total lunacy. #Hiroshima http://t.co/tBhiSukfvn,YES
7370,@PauloSergioMDC @TheIranDeal @POTUS Those silly talks trusting a terrorist nation (who hates us) that has vowed to obliterate Israel.,NO
7375,mirajane as satan soul could obliterate me and step on my ashes any day,NO
7376,@lionofjudah1948 @AmericanJewry The Nazis pursued their ambitions to obliterate a religion in Europe #Israel is trying to do the same,NO
7379,@itsTiimothy bhill bruh you can obliterate beez,NO
7382,Will Trump obliterate opponents as quick as Rousey?,NO
7384,I'd love to see a nigga try and diss the King haha he would OBLITERATE THEM. With no struggle! https://t.co/cwn2gT0r5p,NO
7385,Im going to obliterate my lil bro in 2k15 either with the Cavaliers or 70-71 Lakers,NO
7387,(rubs lamp greets genie) just need the 1 wish thanks. pls obliterate anyone who has used the hashtag #youcantsitwithus,NO
7388,#dating Absolute Approaching: Unique 21-day course program to obliterate approach anxiety to get more dates. http://t.co/F6ZEiykZRL,NO
7389,@Wadeycakes @ThunderCastTV you're right Thunder would obliterate you #HEYOOO,NO
7394,@ohnoeunhae Hyukkie &amp; Chullie aim to completely obliterate the ship that was Eunhae.,NO
7396,@KoscielnyFC Gabriel obliterated his fibula,NO
7398,@Its2015America King O has obliterated the Constitution,NO
7399,#interracial #sex #porn http://t.co/Kjh99CzHFe Derek Skeeter hasnÛªt obliterated a white girl on camera in about 2 years. Upon hearing thiÛ_,YES
7401,@AllOutAsh23_sN Heard you got obliterated and also that your brother/boyfriend ran out of the building crying last night. LOL. 'MD/VA!!!!',NO
7404,Roquey and obliterated toy mollusk https://t.co/1qnRBXFr2v,NO
7406,Mad kids and innocent people who had nothing to do with the war got obliterated smh,NO
7409,@dinnerwithjulie because its been obliterated?,NO
7411,Shout out to fishtails your .75 cent natty light cans are going to be obliterated by yours truly,NO
7417,This Davies is why you don't play FM tired. Obliterated my budget http://t.co/CZ65rUoGXB,NO
7420,you haven't ruined my day you've obliterated it into a million pieces and spit on it https://t.co/2B57rE5mzN,NO
7422,the 301+ feature on YouTube has been obliterated and I love it.,NO
7423,Took'em long enough. Good that they're making some amends though this has still obliterated their reputation. https://t.co/1g9s3KeASL,NO
7427,@LeonC1963 @RomanGaul @Makrina91 Never realised how many conventional bombs the Yanks dropped on Japan prior 2 Nuks. They obliterated cities,NO
7429,Disgusting! Drunk Meals 101: What To Cook When You're Totally Obliterated - http://t.co/CYa5jBWgge,YES
7432,mentions gotta be obliterated  https://t.co/3iDFkZfXI9,NO
7435,way the Endurance wouldn't get obliterated the second it exited that wormhole. It would have probably been destroyed before hell Saturn,NO
7436,Remembering #Hiroshima 70 years on. Hundreds of thousands of lives obliterated 70 years of pain devastating... http://t.co/cZpJVJgXRp,YES
7440,The day Hiroshima through the eyes of the bomber crew and survivors http://t.co/AYEWJ8marn via @MailOnline,YES
7441,Drake has absolutely obliterated meek mill ????????,NO
7445,Why did God order obliteration of ancient Canaanites? | Bible scholars say dire warnings lie hidden in ancient text http://t.co/waC5K25gBC,NO
7448,Why Did God Order Obliteration of Ancient Canaanites? -Bible Scholars Say Dire Warnings for America LieÛ_ http://t.co/3eSqlK8xy1 #NEWS,NO
7449,'I must not fear. Fear is the mind-killer. Fear is the little-death that brings total obliteration... http://t.co/oERI3uWnRY,NO
7450,Need a conquest server on CTE they're all Russian Squad Obliteration servers at the moment. Lame. But only 105 ping on Russian server. ??,NO
7454,The schematization to Maintain Facts Dependable By virtue of Obliteration...XMwTE,NO
7455,#InsaneLimits #plugin enabled  @'[XL] #1 Obliteration - xl-games.ru' using 8 limits,NO
7460,Does Renovation Mean Obliteration? http://t.co/nntkiy7AXV #entrepreneur #management #leadership #smallbiz #startup #business,NO
7462,'I must not fear/Fear is the mindkiller/Fear is the little-death that brings total obliteration/I will face my fear' #Dune #BlacklivesMatter,NO
7464,@bradohearne Admin is the little death that brings total obliteration.,NO
7466,Why did God order obliteration of ancient Canaanites? - http://t.co/yFN5yWkeye http://t.co/ozX5PmnQ6K,NO
7468,"@bcwilliams92 We do need to overturn SCOTUS ruling that Congress can't mess with
POTUS. Obliteration of Constitution Will Continue.",NO
7469,"????
Why did God order obliteration of ancient Canaanites? http://t.co/piUO0azRoQ",NO
7471,[Chaos dancing in the streets | Why did God order obliteration of ancient Canaanites?] http://t.co/P7DLX1wFmC via @Michael_0000,NO
7472,"Short story about indifference oppression hatred anger hope inspiration revolution retaliation and obliteration.  

'Fuck Them'",NO
7483,Why did God order obliteration of ancient Canaanites? http://t.co/8GqceARCaI via @worldnetdaily,NO
7484,Why did God order obliteration of ancient Canaanites? http://t.co/3JdlEhxZ2V via @worldnetdaily,NO
7485,@KDonhoops Sure! Meek Mill accused Drake of not writing his own raps. Drake responds w/ obliteration of Meek's career. #OldFolkExplainStuff,NO
7486,"AMAZING ANCIENT TEXT RENDERINGS!
-------
Carl Gallups Dr. Michael Brown and Mark Biltz weigh in on this... http://t.co/sifF4ITJZ0",NO
7487,@Jethro_Harrup How many Hangarback Walkers does your opponent need to have before you board in Infinite Obliteration?,NO
7489,Here we are 70 years after the nuclear obliteration of Hiroshima and Nagasaki and IÛªm wondering iÛ_ http://t.co/fvkekft4Rs,YES
7492,This beautifully rapturous facade that we've poured life into has itself given birth to a deplorable fate our total obliteration.,NO
7495,Refugio oil spill may have been costlier bigger than projected: A Plains All American PipelineÛ_ http://t.co/sryaFqj9gZ #globetrottingwino,YES
7499,Refugio oil spill may have been costlier bigger than projected - http://t.co/6aUOT9vaIS  http://t.co/j2SyewbHE2,YES
7500,#breaking #LA Refugio oil spill may have been costlier bigger than projected http://t.co/5ueCmcv2Pk,YES
7506,National Briefing | West: California: Spring Oil Spill Estimate Grows: Documents released on Wednesday disclos... http://t.co/PsYWDxCCmj,YES
7508,Got the gas and the splash like an oil spill.,NO
7509,PODCAST: Oil spill anniversary http://t.co/wVdAVXTDaq,NO
7511,'California: Spring Oil Spill Estimate Grows ' by THE ASSOCIATED PRESS via NYT http://t.co/gPKkHhBRIy,YES
7516,Refugio oil spill may have been costlier bigger than projected: A Plains All American Pipeline oil spill... http://t.co/lCQFI3LMAf #MLB,YES
7524,When the Government couldn't figure out how to plug the Gulf oil spill so Chuck Norris plugged it...with his fist.,NO
7538,"NSW - BANKSTOWN Stacey St at Wattle St
HAZARD Oil spill
Started today 11:38am last checked today 11:54am
Impact:... http://t.co/5ze5Z6BjLi",YES
7539,Refugio oil spill may have been costlier bigger than projected http://t.co/d7FdCLU404,YES
7541,'California: Spring Oil Spill Estimate Grows ' by THE ASSOCIATED PRESS via NYT http://t.co/kUiecEtK2z,YES
7546,Families to sue over Legionnaires - More than 40 families affected by the fatal outbreak of Legionnaires' disease ... http://t.co/urbl692Syj,YES
7549,Families to sue over Legionnaires: More than 40 families affected by the fatal outbreak of Legionnaires' disea... http://t.co/yfsD4xS7lc,YES
7562,Families to sue over Legionnaires: More than 40 families affected by the fatal outbreak of Legionnaires' disea... http://t.co/z16jNX3LQe,YES
7564,Legionnaires' Disease: What's Being Done to Stop Deadly Outbreak http://t.co/Ud96b7ThsV,YES
7567,Mumps outbreak at University of Illinois grows http://t.co/7xYkuJylX0 #SEBEE,NO
7572,Families to sue over Legionnaires: More than 40 families affected by the fatal outbreak of Legionnaires' disea... http://t.co/A6xRnI8XHg,YES
7574,Families to sue over Legionnaires: More than 40 families affected by the fatal outbreak of Legionnaires' disea... http://t.co/RJEN6iMWPI,YES
7575,Families to sue over Legionnaires: More than 40 families affected by the fatal outbreak of Legionnaires' disea... http://t.co/boZfh1M3wb,YES
7586,Families to sue over Legionnaires: More than 40 families affected by the fatal outbreak of Legionnaires' disea... http://t.co/6oPYSf87K2,YES
7592,More than 40 families affected by the fatal outbreak of Legionnaires' disease in Edinburgh areÛ_ http://t.co/XpvKqME5Ls,YES
7596,Pandemonium In Aba As Woman Delivers Baby Without Face (Photos) http://t.co/s9fJTsGbmd,YES
7597,What scenes at Trent Bridge England could win the #Ashes today at this rate! #Pandemonium,NO
7599,@misslyndaleigh The Original Lust  Angel her self Miss Leigh swooping down to cause mayhem &amp; pandemonium x http://t.co/BAnve2Xw4n,NO
7606,This time next week there will be absolute pandemonium in several homes around Westmeath with some carefully... http://t.co/nwfNxs4rIE,NO
7615,Pandemonium In Aba As Woman Delivers Baby Without FaceåÊ(Photos) http://t.co/BUKDVKuRTw,YES
7618,Welcome to http://t.co/4XsCjtvmmM: Pandemonium In Aba As Woman Delivers Baby  Without... http://t.co/2tTsTvbgIx,YES
7620,On the Christie Hillside: Game 4 - Pandemonium at the Pits http://t.co/sRCKaWAndm @IBLMapleLeafs @IBL1919 http://t.co/dtImtSQu7z,NO
7624,: Pandemonium In Aba As Woman Delivers Baby Without Face (Photos) - http://t.co/mA7cbwuCpd',NO
7625,Pandemonium In Aba As Woman Delivers Baby Without Face (Photos) - http://t.co/69rJXT5Y5t,NO
7629,Bihar Assembly fails to transact business due to pandemonium http://t.co/stp2Rsm3Af http://t.co/Dx8zBWAr4k,NO
7632,I'll be at SFA very soon....#Pandemonium http://t.co/LC1cMx1mPb,YES
7636,The move Saturday --&gt; #Mirage! 400 N. West st. Raleigh NC 21+ http://t.co/bXdaTWjNHS Tickets at: http://t.co/7hAnPcr5rK,NO
7637,Pandemonium In Aba As Woman Delivers Baby Without Face (Photos): According to eye witnesses in Ogbor Hill in A... http://t.co/lJYIG8RBOQ,NO
7646,Panic - Sublime with Rome,NO
7655,@Kayhow21 I may have a panic attack during this coinflip,NO
7658,@SixSecondCov he sounds more like panic at the disco ??,NO
7660,"Tried 2 4get
Feelings of death
Invading panic spawns
Can't concentrate
No 1 relates
Stealing all the light
Spreading thin a soul in sections",NO
7664,"Don't blame the messenger. Food panic in Venezuela. 1 minute video.Thanks SHTFPlan!
https://t.co/QBSTQXA6QX",NO
7665,@puzzledtriangle please inform me of that date because that song very accurately reflects the panic of the week before,NO
7666,I added a video to a @YouTube playlist http://t.co/hLeON4klNR Panic! At The Disco: I Write Sins Not Tragedies [OFFICIAL VIDEO],NO
7667,Panic attacks are always lovely,NO
7673,Now playing : Roppongi Panic [22PM] by @candydulfer #listen at http://t.co/ozoD1fdgas - Buy it http://t.co/8IZn6fw2qe http://t.co/uhgHpUiivf,NO
7676,Confession 8 I smoked a whole bowl of the holy meca and had a panic attack,NO
7682,someone hold my hand and tell me ITS OKAY because I am having a panic attack for no reason,NO
7684,Sending your kid to college? Don't panic! Check out coping tips from a rabbi/social worker: http://t.co/7HEaFOGkOU http://t.co/6bj2yf7pC7,NO
7690,I added a video to a @YouTube playlist http://t.co/DzHDBiajS5 Panic! At The Disco: The Ballad Of Mona Lisa [OFFICIAL VIDEO],NO
7697,@underrrtow molly send help im panicking over 6th form clothes what do i do,NO
7700,@bexrayandvav if it makes you feel better we have started panicking about how close freshers is and how unprepared we are :l,NO
7704,Highlight of my summer???? panicking  on Estrella TV ????,NO
7705,Need stop panicking when I'm driving and people are behind me who I know ???? always stall ??,NO
7706,BizInsider: People are finally panicking about cable TV - Traditional TV is continuing to have trouble competing w... http://t.co/X0Xnpc1y3t,NO
7708,@snapharmony : People are finally panicking about cable TV http://t.co/boUa80Z5Wf,NO
7709,#Business People are finally panicking about cable TV http://t.co/FcfSSlxMy2 http://t.co/9xFzkpdmQz,NO
7710,I deserve a goddamn medal for dealing with this basement flood without panicking,NO
7713,I'm panicking like crazy and I need you,NO
7716,@ScarFacedCully Really cause you're spending more time panicking when you could be there,NO
7726,this is from my show last night and im still panicking over the fact i saw sweaty ashton with my own two eyes http://t.co/yyJ76WBC9y,NO
7729,@Sawyer_DAA @GuerrillaDawg worst feel in DS when u panicking during  boss fight and you chug two estus and the boss kills you while u drink,NO
7730,@RudyHavenstein @zerohedge isn't it just zerohedge readers who are panicking? For everyone else it's summer time trade.,NO
7732,My day isn't going the way I planned so I'm low key panicking. GIMME BACK MY AIR!!!,NO
7734,@milefromhome ??.. Don't.. I'm panicking..,NO
7740,People are finally panicking about cable TV http://t.co/P49OCqkUTJ,NO
7741,"Sitc 

Make sure everyone can enjoy themselves without panicking and having bad anxiety due to bad organisation skills and shocking security",NO
7745,Police arrest suspect in killing of Mexican journalist and 4 women http://t.co/uvxLZhIG4R,YES
7757,A man tried to steal my phone I saw ye police near me and punched him and started shouting for them. I ran after him for two miles....,NO
7762,FOLLOW-UP at 4700 BLOCK OF SW 11TH ST GRESHAM OR [Gresham Police #PG15000044153] 17:00 #pdx911,NO
7770,"Stockton Shooting Kills One Officers Investigating: STOCKTON ÛÓ
Stockton police are investigating a shooting t... http://t.co/7vnrB5kurU",YES
7776,EFF and MuckRock run census to find out how local police track your biometrics http://t.co/vA9PvpS9Dj,NO
7777,Acting Public Information Officer (PIO) Until Monday August 10 http://t.co/FEBu2dH9Hs http://t.co/DsxV9p4eBz,NO
7778,Police: Tennessee theater shooting suspect was 29 http://t.co/CthoDZpLW3 #Philadelphia #News,YES
7779,#Np love police @PhilCollinsFeed On #LateNiteMix Uganda Broadcasting Corporation. UBC 98FM #Radio/ #Uganda / #MbbLive,NO
7782,@tcbinaflash77 honestly I can't understand why @chanelwestcoast is blaming the police when she wasn't cuffed buy them. #1oak,NO
7786,Now Trending in Nigeria: Police charge traditional ruler others with informantÛªs  murder http://t.co/DQhpm4A5qY,YES
7791,ASSIST - CITIZEN OR AGENCY at NE LLOYD BLVD / NE OREGON ST [Portland Police #PP15000266835] 17:11 #pdx911,YES
7792,@longshipdriver the police here in the U.S. need to stop killing people,NO
7794,?? #Police Gents Dart #Watch Stainless Steel Bracelet and White Dial + Gift Box http://t.co/jM85C2uXQY http://t.co/SRogObPiiv,NO
7795,chickmt123: #letsFootball #atk WIRED : Reddit will now quarantine offensive content http://t.co/wvn6GrIyPq (httpÛ_ http://t.co/pgIHchdURJ,NO
7796,#callofduty #advancedwarfare COD Advanced Warfare Reckoning DLC 4 Quarantine Gameplay http://t.co/huNMYHyAHp,NO
7798,Reddit Will Now Quarantine Offensive Content via #Wired http://t.co/g8EF8dU9Cy,NO
7805,@astolfialessio Reddit Will Now Quarantine Offensive Content http://t.co/XQkcD0qV3c,YES
7806,@kirillzubovsky your Tweet was quoted by @WIRED  http://t.co/E90J3vJOLc,NO
7808,Changelessly handle dominant quarantine folders toward yours solemnity: hjt http://t.co/ccTt1mY7FA,NO
7811,New post: 'Reddit Will Now Quarantine Offensive Content' http://t.co/ZuyTIBdIRk,NO
7814,Reddit Will Now Quarantine Offensive Content &gt;&gt; http://t.co/WcIzstXk4f,NO
7819,Reddit Will Now Quarantine Offensive Content http://t.co/KDc97PrQcc,NO
7820,'Quarantine.' Enforced isolation to prevent contamination that could lead to disease or in some cases death.,NO
7825,Reddit Will Now Quarantine Offensive Content: Reddit co-founder and CEO Steve Huffman has unveiled more specif... http://t.co/EkZmMxU9GN,NO
7829,Metal detectors protect public places from guns. Why not mental illness detectors to stop crazy shooters? And quarantine weirdos w/weapons..,NO
7834,? http://t.co/jGRA7oOISN #Reddit Will Now Quarantine Offensive Content #wired #tech http://t.co/0lTJzyrdS3 ? http://t.co/GvKDAQ4vkh,NO
7836,Reddit Will Now Quarantine Offensive Content: Reddit co-founder and CEO Steve Huffman has unveiled more specif... http://t.co/Epd8pLtrWP,NO
7838,Reddit Is Planning to 'Quarantine' Its Most Toxic Communities http://t.co/KlVxYN2EJK #mcgtech,NO
7841,Reddit updates content policy promises to quarantine Û÷extremely offensiveÛª communities http://t.co/GJKCALiUHk,NO
7845,Ebola Outbreak: Alabama Man Tested Negative For Virus 6 Firefighters 2 Family Members Quarantined - https://t.co/lCpR20USYL,NO
7846,Reddit's new content policy goes into effect many horrible subreddits banned or quarantined http://t.co/aXqgUKn8Yz http://t.co/P1USSSv5Wa,NO
7853,Reddit's new content policy goes into effect many horrible subreddits banned or quarantined http://t.co/VdvLatelsJ http://t.co/OK2SFDN1I8,NO
7856,#hot  Reddit's new content policy goes into effect many horrible subreddits banned or quarantined http://t.co/sqHDrl7uKG #prebreak #best,NO
7858,Top link: Reddit's new content policy goes into effect many horrible subreddits banned or quarantined http://t.co/HyCmg4ZKY1,NO
7859,Alabama Home Quarantined Over Possible EbolaåÊCase http://t.co/cGKy5rw9cw,YES
7866,[Serious]Now the Admins have banned certain volatile subreddits which ones are you surprised haven't been removed/quarantined yet? Û_,NO
7875,Officials: Alabama home quarantined over possible Ebola case http://t.co/juW5wtOqB0,YES
7879,http://t.co/AyLATPE073 Reddit's new content policy goes into effect many horrible subreddits banned or quarantined http://t.co/lNJD4Ey40J,NO
7884,@famoushorse they haven't applied bans consistently. The Jew hating sub is only 'quarantined',NO
7886,Alabama home quarantined over possible EbolaåÊcase https://t.co/jr4k7IiSbu,YES
7890,@freeagent1717 @ChaseIngram @amandagiroux28 lol I saw something like that last cops was quarantined taking him out the house etc,NO
7892,Top link: Reddit's new content policy goes into effect many horrible subreddits banned or quarantined http://t.co/FEpjk1wEjD,NO
7896,You knew that Israel is a world leader in lifesaving emergency services. And now looking far beyond Haiti and... http://t.co/49N6YzAjvd,NO
7899,Japan NRA proposes raising maximum radiation dose to 250 mSv for nuclear plant workers in emergency situations. http://t.co/Iqb8YH6hHT,YES
7900,Jerry Brown declares state of emergency over wildfires drought street gangs radiation dead fish LGBT mania air pollution unemployment,NO
7901,On 7/30/2015 Radiation council of Japanese government admitted the reform bill to raise the dose limit from 100... http://t.co/6bTeSV9CdM,NO
7904,SB228 [Passed] Relating to sources of radiation; and declaring an emergency. http://t.co/D1xlFKNJsM,NO
7911,DOES ANYONE REMEMBER WHEN 5SOS CAME W 1D ON THE TMH TOUR WE HAD A GIANT RAINSTORM AND LAST NIGHT WE HAD ONE ALSO. @5SOS STOP BRINING RAIN,NO
7917,Another fun night. My daughter gets a flat tire on her car. Calls and doesn't know how to change it. Worst rainstorm all year. Now she knows,NO
7919,Approaching rainstorm http://t.co/3YREo3SpNU,NO
7920,Severe rainstorm in Italian Alps causes landslide killing three near ski resort http://t.co/DzKOKka1Eh,YES
7921,Landslide in Italian Alps kills three: ROME (Reuters) - Three people were killed when a severe rainstorm in th... http://t.co/2pZ9t2FnSz,YES
7922,@Robot_Rainstorm I'm interested.  Is it through Yahoo?,NO
7925,Landslide in Italian Alps kills three - ROME (Reuters) - Three people were killed when a severe rainstorm in the I... http://t.co/i1i1Qp5VrO,YES
7927,Photo: Rainstorm On The Way To Brooks NearåÊDinosaur Provincial Park Alberta July 11 2015. http://t.co/Mp9EccqvLt,NO
7928,Landslide in Italian Alps kills three: ROME (Reuters) - Three people were killed when a severe rainstorm in th... http://t.co/GX1UXeY57B,YES
7931,driving home after a fairly large rainstorm makes me wonder how some of y'all manage to drive when it's dry out,NO
7942,'I shut my eyes and the music broke over me like a rainstorm.' - Sylvia Plath (via petrichour) http://t.co/ULS9OEkX8M,NO
7946,Landslide in Italian Alps kills three: ROME (Reuters) - Three people were killed when a severe rainstorm in th... http://t.co/mBPWr0fUvJ,YES
7947,@WerdEmUp It's already been messed up thanks to an earlier rainstorm. Needs to go in for maintenance anyway.,NO
7948,Welcome to Avery County! Just your everyday rainstorm. https://t.co/0Lw6GyeAgB,NO
7951,rainstorm??,NO
7956,@SavanahResnik @CBS12 I would hide out at the Coldstone at monterrey and us 1. Great place to wait out a rainstorm.,NO
7961,#CecilTheLion The Latest: More Homes Razed by Northern California Wildfire - New York Times: ... http://t.co/Vi05Yq85Ly #Harare #263chat,YES
7964,'The Latest: More Homes Razed by Northern California Wildfire' by THE ASSOCIATED PRESS via NYT http://t.co/rDF0ZuW7lZ,YES
7966,#?? #?? #??? #??? The Latest: More Homes Razed by Northern California Wildfire - New York Times  http://t.co/IPnHSIyorc-,YES
7967,? Razed In Black - Whipped ? http://t.co/oAE9LgtCtI #nowplaying,YES
7974,The Latest: More Homes Razed by Northern California Wildfire - ABC News http://t.co/55IdFT20A2 http://t.co/2VSX1yO5hT,YES
7975,@RazeD_ yea in this photo,NO
7979,The Latest: More Homes Razed by Northern California Wildfire - ABC News http://t.co/ATokCD74bA,YES
7985,ABC News The Latest: More Homes Razed by Northern California Wildfire ABC News The latest onÛ_ http://t.co/RruNs5rDz5,YES
7986,World News&gt;&gt; 'The Latest: More homes razed by Northern California wildfire - http://t.co/M6OK4EH3ob' http://t.co/VGa0OhB6XF,YES
7993,From the Archive: National Poetry Month: Anterior of a Razed Room http://t.co/7ARN4OBiyC,NO
7995,The Latest: More homes razed by Northern California wildfire - SFGate http://t.co/65hunplHYB,YES
7997,Guess who's got a hilarious new piece on @RazedOnIt? @honeystaysuper! 51 Things You Should Never Say to a Mother Ever http://t.co/ikRHIb9x0a,NO
7998,The Latest: More Homes Razed by Northern California Wildfire - ABC News http://t.co/ORdoKfUIBm,YES
8004,The Latest: More Homes Razed by Northern California Wildfire - ABC News http://t.co/lj4J54vxq3,YES
8007,The Latest: More Homes Razed by Northern California Wildfire - ABC News http://t.co/VP6wbXMZmj,YES
8011,'imagine an entire aisle dedicated to making people look like serbian refugees.' - director of whole foods clothing section,NO
8014,12000 Nigerian refugees repatriated from Cameroon http://t.co/LeLYa0vDOg read /////,YES
8022,Top story: @ViralSpell: 'Couple spend wedding day feeding 4000 Syrian refugeesÛ_ http://t.co/QAYayzh0fL see more http://t.co/oTqbHd2akn,NO
8027,Wow! Some powerful thoughts on the language we use to talk about groups of people on the move:  https://t.co/KRbpf4Tp4I,NO
8033,wowo--=== 12000 Nigerian refugees repatriated from Cameroon,YES
8041,Top story: @ViralSpell: 'Couple spend wedding day feeding 4000 Syrian refugeesÛ_ http://t.co/5lMo710D5f see more http://t.co/G9LREAlToJ,NO
8042,./.....hmm 12000 Nigerian refugees repatriated from Cameroon http://t.co/FVTj8qwJZW /(,YES
8046,.@PeterDutton_MP Maintaining the integrity of our borders while not maintaining human rights of our refugees. Nice trade off.,NO
8048,Newlyweds feed Syrian refugees at their wedding http://t.co/DGjBuGxH9E #changetheworld #SyrianRefugees,NO
8050,...//..// whao.. 12000 Nigerian refugees repatriated from Cameroon http://t.co/aVwE1LBvhn,YES
8051,Refugees as citizens - The Hindu http://t.co/GJSaAf3U6K,NO
8052,Still wonder why they will do anything to have a life anywhere. Wars u support CAUSE refugees open boarders. #auspol https://t.co/3MjtE74AiW,NO
8053,reaad/ plsss 12000 Nigerian refugees repatriated from Cameroon,YES
8054,"More dirtylying dishonest #refugees for the #UK. 
http://t.co/3m7amh1E33

#WhiteGenocide #gays  #Britain #British http://t.co/FzOv8WcbYI",NO
8059,@bcook28 @zacktiller30 bring in the rescue squad ??,NO
8063,Florida Firefighters Rescue Scared Meowing Kitten from Vent Shaft http://t.co/RVKffcxbvC #fire #firefighter,YES
8072,@X_Man_Kitty @WolvenBeauty @_NickWilson__ //Shit...alright time to launch a black ops mission to rescue my alpha,NO
8075,Last Chance Animal Rescue has 3 new posts. http://t.co/qtEqA5kvpy #animalrescue | https://t.co/ec46LyQQc6,NO
8076,@wcvh01 @1233newcastle @aaronkearneyaus @LesMcKeownUK  PS I notice you are a vet?? I rescue kitties ?? .thank you for your service ??????????,NO
8077,Officials rescue 367 migrants off Libya; 25 bodies found - Fox News http://t.co/9CAignPR6S #NoAgenda #MvDint,YES
8078,kayaking about killed us so mom and grandma came to the rescue.,NO
8080,8' MTech Assisted Open RESCUE Pocket Knife - NEW BLUE MT-A801BL zix http://t.co/51n2rZEBis http://t.co/P4lNbjDo0x,NO
8082,Beauty Deals : http://t.co/eUd317Eptp #4552 Lot of 50Mixed Colors 7.5' Scissors FirstAid Princess Care Rescue TrÛ_ http://t.co/mAHkV79SmW,NO
8086,"If a picture is worth a thousand words what would this one say??

How a Lexington veterinarian's passion for... http://t.co/Y8dY39OhAL",NO
8090,"Revel8ion Media recently went out to support the 'Rocky Fire' rescue efforts. This is what we filmed.
#RockyFire  http://t.co/Haxz4XLs8d",YES
8092,I donÛªt want to be rescued either #bot,NO
8093,Val rescued the sister but alone died. In the end she wasn't selfish. It was beautiful but very sad #emmerdale,NO
8099,Worker rescued from top of Central Street water tower in Summerside http://t.co/MkMlCTYmee,YES
8104,10-Month-Old Baby Girl was Rescued by Coastguard after She Floated HALF A MILE Out to Sea! http://t.co/kJUzJC6iGD,YES
8107,So @edsheeran just rescued this year's #FusionFestival http://t.co/I6ldEtwB6h http://t.co/XUnS3zHIxa,NO
8108,I just rescued you in MGS Ground Zeroes @HIDEO_KOJIMA_EN  haha. Amazing...Sept 1st cant come soon enough :),NO
8114,Stewart bought a new property earlier this year w/ the intention of providing a sanctuary for rescued farm animals. https://t.co/ExXtboah8h,NO
8115,Three suspects in police net for kidnapping &amp; trafficking a 4month old Baby from Kontagora to Aba# Baby rescued alive.,NO
8117,British trekkers rescued amid flash floods in Himalayas - BBC News,YES
8123,SkyNews: Migrant Boat Tragedy Survivors Arrive In Italy - Migrants rescued http://t.co/FORBy6MmKp,YES
8124,nigeriantribune: 4 kidnapped ladies rescued by police in Enugu | Nigerian Tribune http://t.co/7hmHpl1Z4y,YES
8127,NAIROBI Kenya (AP) ÛÓ Two people died and 25 others were rescued after a passenger boat with about two dozen passengers collided with a,NO
8132,Incheon Prosecutors Office: Drop the charges against Nami Kim who rescued two puppies from 'Dog Hangi... https://t.co/vWzX2P6Dnk via @Change,NO
8134,Britons rescued amid Himalaya floods http://t.co/8f2YBus2Vk,YES
8139,New-born piglet running down a national speed limit road is rescued #oink #Dorset http://t.co/dOMvOx2Oui http://t.co/iEVdj6KBU2,NO
8145,Rescuers recover body of 37-year-old Calgary man from lake near Vulcan http://t.co/araUSJvsy9 http://t.co/U7ZWlk8THX,YES
8148,#italy Hundreds of Migrants Rescued After Boat Capsizes Off Libya: Rescuers saved 400 people though 25 died w... http://t.co/e48syD5N1E,YES
8151,VIDEO: 'We're picking up bodies from water': Rescuers are searching for hundreds of migrants in the Mediterran... http://t.co/WvMHX5tiel,YES
8152,Rescuers are searching for hundreds of migrants in the Mediterranean after a boat carrying as many as 600 peopleÛ_,YES
8153,Bay Whale Worries Rescuers http://t.co/nfKTvVLWHm,NO
8157,The Rescuers and The Rescuers Down Under are on NetflixÛ_ YouÛªre welcome.,NO
8160,Fears over missing migrants in Med: Rescuers search for survivors after a boat carrying as many as 600 migrantsÛ_ http://t.co/UUHNC8ZkOW,YES
8166,VIDEO: 'We're picking up bodies from water': Rescuers are searching for hundreds of migrants in the Mediterranean after a boat carryi...,YES
8167,VIDEO: 'We're picking up bodies from water': Rescuers are searching for hundreds of migrants in the Mediterran... http://t.co/xJm6Snk1G0,YES
8173,WomanÛªs GPS app guides rescuers to injured biker in Marin County http://t.co/hKv8XKtU2k,YES
8174,VIDEO: 'We're picking up bodies from water': Rescuers are searching for hundreds of migrants in the Mediterran... http://t.co/biiiYi7DaE,YES
8178,News Break Nigeria Rescuers search for survivors after a boat carrying as many as 600 migrants capsizes in the... http://t.co/lNiTVT7B53,YES
8179,Photo: theonion: Rescuers Heroically Help Beached Garbage Back Into OceanåÊ http://t.co/YcSmt7ovoc,NO
8185,When Rescuers Found Him He ... http://t.co/sTDCdHQxJX,NO
8186,VIDEO: 'We're picking up bodies from water': Rescuers are searching for hundreds of migrants in the Mediterran... http://t.co/XfS3pJhFh9,YES
8192,@CHold ironically RSL call their stadium the Riot,NO
8193,If John Bateman scores we riot... https://t.co/zuPz8ZlO2X,NO
8194,@CazorlaPlay Fran. Hey check out the Secret on how to get 325.000 Riot Points LoL Check it on my Bio Profile,NO
8197,"@AlexandBondarev Discovered by @NickCannon 
 Listen/Buy @realmandyrain #RIOT on @iTunesMusic @iTunes https://t.co/dehMym5lpk Û_ #BlowMandyUp",NO
8198,Stuart Broad Takes Eight Before Joe Root Runs Riot Against Aussies: Stuart Broad took career-best figures of 8... http://t.co/2UmwMG7lvN,NO
8199,"@hawk_nancy Discovered by @NickCannon 
 Listen/Buy @realmandyrain #RIOT on @iTunesMusic @iTunes https://t.co/dehMym5lpk Û_ #BlowMandyUp",NO
8200,To All The Meat-Loving Feminists Of The World Riot... http://t.co/tNI5SCpBMA #followme | https://t.co/OFtj2sXYPf http://t.co/lVYemK99uV,NO
8206,To All The Meat-Loving Feminists Of The World Riot Grill Has Arrived http://t.co/7TMBbGxSK8 @OwenHarris82,NO
8207,To All The Meat-Loving Feminists Of The World Riot Grill Has Arrived http://t.co/MK9ZIp2ro7,NO
8220,@Riot_Sweet @jfwong @MtgoDoc @JoshLeeKwai wait.. what dates?? ill be at MSG and PAX =(,NO
8222,#ModiMinistry Stuart Broad Takes Eight Before Joe Root Runs Riot Against Aussies http://t.co/rc22r1xlIs,NO
8227,I'm Role Play of Ulzzang Park Hyung Seok. 92 Liners. Be bleased with me. I'll do the same.,NO
8228,To All The Meat-Loving Feminists Of The World Riot Grill Has Arrived: Pop quiz! Which do you prefer: feminist... http://t.co/MoGytSxvOa,NO
8229,Matt Baume Digs Into the the Controversial Û÷StonewallÛª Trailer and Who the Real Heroes of the Riot Were: VIDEO http://t.co/HRoxD1qpua #gay,NO
8230,Riot police intervene after Southampton and Vitesse Arnhem supporters clash: Û¢ Fans clash in buildup to second legÛ_ http://t.co/I8GX67wbGv,YES
8233,Riot police intervene after Southampton and Vitesse Arnhem supporters clash: Û¢ Fans clash in buildup to second... http://t.co/OBBcoMKAWf,YES
8248,"we shootn each other over video games................wow ghee  sad
but I still don't see no rioting no walks no... http://t.co/O423U56yPh",YES
8249,#BHRAMABULL Watch Run The Jewels Use Facts to Defend Rioting in Ferguson: The socially minded duo takes on the... http://t.co/9iP2vqHFWi,YES
8255,Swear to god if they make faker play kog I'm rioting,NO
8260,#BHRAMABULL Watch Run The Jewels Use Facts to Defend Rioting in Ferguson: The socially minded duo takes on the... http://t.co/y9eTXHCvjr,YES
8263,@amiestager there's better alternatives than rioting and if we don't kill them they'll kill us...,NO
8265,I have stopped trying to figure out if THIS will be the misogyny/racism/religion-fueled shooting that will incite rioting.,NO
8268,'Dont use \Allahuakbar\'' and start rioting. Do you guys even listen to yourselves? #SHAME''',NO
8269,@abbydphillip @dahboo7 Shh...it's only OK for the puny 13% black population to get mad.  The gov can't control the majority rioting.,NO
8272,@foxandfriends where is protest looting and rioting that is for ignorant people,NO
8273,@brownblaze on tumblr the day/night of it was all over. The first I heard anything about it anywhere elsewere simply reports of rioting.,NO
8275,Why are we not rioting in the streets for change/a future? We outnumber lobbyists! #WakeUpAmerica #CleanPowerPlan http://t.co/sONJy4HK46,YES
8277,#DebateQuestionsWeWantToHear Are these thugs or boys being boys? https://t.co/T0aZ5d9BHK,NO
8281,.@runjewels appear in a new video by @BBC defending the riots in Ferguson: http://t.co/veh1seVDKO http://t.co/h2GziEfJXt,NO
8282,Half of Australia is currently rioting because they think 'Extras' is an aboriginal cricketer stealing their sport.,NO
8290,http://t.co/DYKYpy3vA5  Cindy Noonan@CindyNoonan-Heartbreak in #Baltimore #Rioting #YAHIstorical #UndergroundRailraod,YES
8293,Outrage as dog found buried alive in rubble http://t.co/vrNRrpoHm8,YES
8299,home loan: JPMorgan builds up apartment-loan leader from WaMu rubble    By David Henry  NEW ... http://t.co/IT6wXiCorl #badcredit #loans,NO
8302,#360WiseNews : China's Stock Market Crash: Are There Gems In The Rubble? http://t.co/QDwRjmmk89,YES
8303,China's Stock Market Crash: Are There Gems In The Rubble? http://t.co/7R7ADdVbsX,YES
8305,RT PemantauJKT48: China's Stock Market Crash: Are There Gems In The Rubble? http://t.co/g0En3ELVCL via melodyJKTÛ_ http://t.co/KHrish3BP0,YES
8306,I don't think we'll get anywhere as a ppl until we heal. like we trying to build on top of ruins without clearing the rubble,NO
8307,China's Stock Market Crash: Are There Gems In The Rubble?: ChinaÛªs stock market crash this summer has sparked ... http://t.co/OajW6rTFNc,NO
8308,China's Stock Market Crash: Are There Gems In The Rubble? http://t.co/EpNju0pZjM #forbes,YES
8313,ChinaÛªs e-commerce firms Alibaba (BABA) Tencent http://t.co/7VcChEIC5g (JD) are still growing revenue at 40% http://t.co/GQgE7weM3W,NO
8316,#360WiseNews : China's Stock Market Crash: Are There Gems In The Rubble? http://t.co/vTJ1EoslrU,YES
8319,In the long run every program becomes rococo and then rubble. ? Alan Perlis,NO
8322,'Hiroshima never recovered and all the evidence was smothered under a thick cloud of rubble..' #jayElectronica,NO
8323,"@KurtSchlichter Grandpa fought his way across Western Eurpoe mustered out in Guam on his way to the Home Islands.

Bounce the rubble.",NO
8325,just collecting the rubble,NO
8326,"#Nickelodeon paw patrol-- rubble #action pack pup &amp; #badge  LINK:
http://t.co/N7tG7RoAmU http://t.co/U12hHyu1dc",NO
8327,#Poetry #friendship Lifes Giants - Is life throwing rubble at you ? Are there giants in your mind ? http://t.co/G4wipbG0jx ~LyricalEyes,NO
8328,@accionempresa ChinaÛªs stock market crash this summer has sparked interest from bargain hunt... http://t.co/6ygPwJkr4T @gerenciatodos å¨,YES
8331,China's Stock Market Crash: Are There Gems In The Rubble? http://t.co/qEn1Z5uOeH,YES
8333,While the world screams terrorism Assad buries civilians under the rubble of their homes. #Aleppo 05-08-2015 #Syria http://t.co/7GcPtCdx7o,YES
8336,China's Stock Market Crash: Are There Gems In The Rubble? http://t.co/eKO50hD5Gz #market,YES
8338,#360WiseNews : China's Stock Market Crash: Are There Gems In The Rubble? http://t.co/r0FLXJx5vX,YES
8340,China's Stock Market Crash: Are There Gems In The Rubble?: ChinaÛªs stock market crash this summer has sparked ... http://t.co/vZDqQ9yPN1,NO
8342,@OrianaArzola does he not have any manners or something? Jfc. You have all the rights to be mad! But hey try not to let this ruin your day,NO
8343,"so in my rant about how i dont allow peens near my face i realized why I'm still single.

sex is going to ruin me. or lack thereof anyway.",NO
8353,fUCK I CANT WAIT TO RUIN AUBREY'S WHOLE FIC AND MAKE IT SO BAD,NO
8354,They like raunchy trash then make it real and ruin lives and the potential of phenomenally I assume self raised good Christian human beings,NO
8357,Any man who tries to be good all the time is bound to come to ruin among the great number who are not good.,NO
8358,My sister really always has to ruin my life.,NO
8359,FUCK MY LIFE THESE BOYS ARE GONNA RUIN MY LIFE FORREAL http://t.co/mf9nGfphbN,NO
8373,Reality continues to ruin my life.,NO
8376,He said he's 'gonna put a ring in my Harvey's burger since i love it so much it's the perfect metaphor'.. NOOO you can't ruin my burger wtf,NO
8379,This fly is a major problem for us: It will ruin our batch and we need to destroy it and every trace of it so we can cook.,NO
8380,Plans always ruin.,NO
8381,Don't ruin a good today by thinking about a bad yesterday ????,NO
8384,To respect those who wait to watch #UltimaLucha  any tweets will be spoiler free and not ruin the result. #LuchaUnderground,NO
8395,Watch This Airport Get Swallowed Up By A Sandstorm In Under A Minute http://t.co/OFhjcn36o1,YES
8398,Watch This Airport Get Swallowed Up By A Sandstorm In Under A Minute http://t.co/nvSjHdGDGZ,YES
8403,Gonna throw a huge party and play nothing but Sandstorm.,NO
8407,Watch This Airport Get Swallowed Up By A Sandstorm In Under A Minute http://t.co/YSrSKuyaSw,YES
8413,Watch This Airport Get Swallowed Up By A Sandstorm In Under A Minute http://t.co/ELDcP3vO7C,YES
8417,Watch This Airport Get Swallowed Up By A Sandstorm In Under A Minute http://t.co/1oemJTO9Dp,YES
8420,Watch This Airport Get Swallowed Up By A Sandstorm In Under A Minute http://t.co/jqTMweDw33,YES
8421,I liked a @YouTube video from @centralupload http://t.co/EwLHrTREEP Oh oh!,NO
8424,Watch This Airport Get Swallowed Up By A Sandstorm In Under A Minute http://t.co/Tr8YcHEFGQ,YES
8426,Watch This Airport Get Swallowed Up By A Sandstorm In Under A Minute http://t.co/1ZdRKTgogD,YES
8427,Watch This Airport Get Swallowed Up By A Sandstorm In Under A Minute http://t.co/TLcWeZPuKW,YES
8438,Watch This Airport Get Swallowed Up By A Sandstorm In Under A Minute http://t.co/Fkb7iUAuL8,YES
8439,I just replied to somebody's comment to me saying'darude sandstorm' negatively and now I feel bad for doing it.,NO
8442,I screamed when @g_montani @jessemontani were running to John for 1st place! I'm so happy I love you guys ?? #AmazingRaceCanada,NO
8449,Oh my god Rosie OÛªDonnell is on The Fosters and I screamed her name in a fit of shock and awe,NO
8456,I'm having a meltdown because of Game of Thrones ?? literally cried screamed and threw my computer #WHYYYY #redwedding,NO
8460,I just screamed when I saw Jordan come out the door behind Donnie on #Wahlburgers  ??,NO
8462,@joshshatsays I JUST SCREAMED TO MYSELF BECAUSE YEAH,NO
8465,OH MY GOSH IM AT MY AUNTS HOUSE AND THIS POST IT WAS ON HER COUNTER AND I SCREAMED BC I THOUGHT IT SAID CHRIS KELLER http://t.co/DNofWtAkAt,NO
8466,@theboysftvines oh my god i SCREAMED WHEN I SAW THIS YESSSS,NO
8467,' #OTRAMETLIFE ' I SWEAR TO GOD I DIDNT EVEN READ IT PROPERLY AND I THOUGH IT SAID 'OMLETTE LIFE' AND SCREAMED. I NEED TO SLEEP OMFG. BYE.,NO
8469,ÛÏ@beachboyIrh: AT GMA THE SECURITY GUY SAID 'THIS IS A FAMILY SHOW' AND EVERYONE SCREAMED 'OOORRRR IS IT'Û I love this fandom,NO
8470,YE SBUJDJSJS YES YES I XUSKAK I SCREAMED PROTECT MY OTHER SON PROTECT UR BOYFRIEND YES  https://t.co/kDqtqGK5pI,NO
8474,@frailnerves I SCREAMED,NO
8479,I have never screamed nor cried so much at one concert,NO
8481,@mo_ganwilson Verrry mad. like I just screamed I'm so pissed,NO
8482,@TopherBreezy it was my fav too!!! Amazing! Michael and I screamed the whole time ??,NO
8485,@CokeBoys__ yo best I screamed when I watched your snap chat of you smoking with that big ass cast ????,NO
8488,@TroyLWiggins I screamed,NO
8492,@camilacabello97 screaming internally and externally,NO
8493,"SCREAMING BECAUSE 5SOS IS IN TX
@5SOS",NO
8495,@camilacabello97 now  I'm the one screaming internally and externally,NO
8499,I WAS WATCHING SHAWN ON YOUTUBE AND MY MUM WAS JUST LIKE 'HE'S QUITE HOT ISN'T HE' I AM SCREAMING AKFNEJF,NO
8501,It ain't nothin cut that bitch off more like cut that lying screaming gotdamn son of a bitch red head.,NO
8519,@justinbieber @ArianaGrande IMA SCREAMING HSBFUCKJSJ,NO
8521,i'm fucking screaming http://t.co/H3MrqRrGfe,NO
8525,Can't stand when ppl BeyoncÌ©'fy certain tunes nd u lot will b screaming 'yaaasss' low it I'm not tryna hear a xfactor rendition of burna boy,NO
8527,IM SCREAMING ?????????????????????????????????????????? OMG WTF???????? https://t.co/bfEhX84lrj,NO
8529,IMM SCREAMING ARI IS HOLDING THE SIGN,NO
8532,*screaming internally with the cover of prodigy graphic novel because June and Day*,NO
8534,@GabrielleAplin you are literally my favorite person ever I'm screaming,NO
8535,"@LordMinion777 *screaming* i can't go!!!
:(",NO
8537,@MeganRestivo I am literally screaming for you!! Congratulations!,NO
8544,"-mom screams from kitchen- 
'WHERES MY AVOCADO!?'

-waits patiently for mom to beat the avocado off my head- :)))))) http://t.co/LUUaY2JSJn",NO
8548,one of my fav lydia screams is in 4x11 when she shows up at derek's loft,NO
8549,*screams internally*,NO
8552,@McKenzieBlackw1 love you! Sorry for my screams,NO
8554,screams into void? https://t.co/XRlzvFeiLH,NO
8563,@simplyysacred dude like he screams his soul out,NO
8564,@sugayiffer SCREAMS UR SUCH A CUTE HANAYO,NO
8565,@ShojoShit /SCREAMS,NO
8566,Curvaceous LADY screams like a mad dog in a Nairobi Club See what happened (VIDEO) - #KOT Join Mature... http://t.co/1szi9X22cr,NO
8568,*aggressively screams* https://t.co/8bHaejsUUt,NO
8569,Oh no!  @ATPWorldTour is letting one of their players scream!  Turning @CitiOpen off. Can't listen to the screams,NO
8573,@melodores @Hozier *SCREAMS*,NO
8583,SCREAMS I LOVE THIS VINE https://t.co/PKnBZLHOSc,NO
8588,OMGGGG SCREAMS I'M THINKING I'LL SEE ACTUAL DICKS,NO
8590,The screams when Niall touches his dick yes http://t.co/U5Iu6pfNh6,NO
8592,@elephino_ @Thrusta1 no but it's a convenient and seismic shift in 6 months from trying to bury the event and now allegedly 'enhance it',NO
8593,SEISMIC AUDIO SA-15T SA15T Padded Black Speaker COVERS (2) - Qty of 1 = 1 Pair! http://t.co/6OVxU5cy35 http://t.co/fAobg3I1zm,NO
8594,A subcontractor working for French seismic survey group CGG has been kidnapped in Cairo and is held by Islamic State the company said on WÛ_,YES
8597,Creating updating and delivering content in channel sales is not an easy task. @Seismicsoftware helps break it down: http://t.co/q4FLTG7tzT,YES
8600,#Gabon : Oil and Gas Exploration Takes Seismic Shift in Gabon to Somalia http://t.co/SY8nqTLMD3 ^FJ http://t.co/yjDHoDdjox,YES
8601,The time for small steps has long been over. We need a seismic shift in thinking to address #migration in a holistic human &amp; humane way.,NO
8602,@kc8ysl Is it wrong to pray for seismic activity along the San Andreas fault? #smh,NO
8603,"Anti-fracking group seeks review over #Lancashire seismic monitoring:
 
http://t.co/ZzbqmGNUsl #fracking http://t.co/Y23Xzl3fZv",NO
8604,AxWave enables a fast and accurate simulation of 2D and 3D seismic surveys in an acoustic medium #seismic #GPU #CPU http://t.co/OMX1NXAqpz,YES
8605,[10:45:27JST Aug06:First Alert] M4.1 at 'E off Chiba pref.' under 10km (35.8140.8). Estimated max seismic# is 3,NO
8611,My brain feels like it's vibrating inside my skull. The MRI is going to look like a seismic readout of a faultline during earthquake season.,NO
8614,TBI early brain aging and a seismic analogy http://t.co/xs1QHfjAG4 @deetelecare #TBI #braininjury,NO
8616,Exploration takes seismic shift in Gabon to Somalia ÛÒ WorldOilåÊ(subscription) http://t.co/Hs6OhRFsA9,YES
8617,#Fukushima still is not controlled &amp; #seismic retrofitting for other #reactors is a BIG issue @fukushima_actu http://t.co/lCDkTEOukj,NO
8619,#Sismo DETECTADO #JapÌ_n [Report 6] 01:02:42 Okinawa Island region M3.8 Depth 10km Maximum seismic intensity 3 JST #??,YES
8626,"Nuclear-Powered Brassiere Explodes During Seismic Survey http://t.co/76mKIdOOLh
 #Calgary #Edmonton #oilandgas #Vancouver #Toronto",YES
8629,The Art World's Seismic Shift Back to the Oddball - Observer http://t.co/AOWVFAbl0a,NO
8630,On Thursday at 03:27 we updated our #kml of 2D and 3D #seismic exploration vessels. #offshore #oil http://t.co/btdjGWeKqx,YES
8632,Here we go....one more Toss with the Seismic boys! With a stellar undercard all killer no filler keep an eye... http://t.co/Xs6aa2c6Jb,NO
8634,Exploration takes seismic shift in Gabon to Somalia http://t.co/dmVR2H2fKM,YES
8641,@Statoilasa &amp; @TOTAL make significant discovery in the North Sea: Visualise the full potential on our seismic     #g http://t.co/ve2eBqm21B,NO
8645,http://t.co/OK9EBHurfl If your neighborhood school falls into a sinkhole State Sen. Steve Yarbrough may be close by...,NO
8649,Some Evansville residents told to limit water usage due to sinkhole construction http://t.co/Lw6NeQJRoT,YES
8652,Latest: USA: Huge sinkhole swallows up Brooklyn intersection http://t.co/vspKHg3nZy,YES
8666,A Sinkhole caved in a Brooklyn Street today on 5th Ave &amp; 64th Street. http://t.co/eUKhLKgGdO,YES
8671,"Sinkhole Selfies: You Wont Believe What's In The Brooklyn Sinkhole!: 
        Sinkhole Selfies: You Wont Belie... http://t.co/OFEbaKatNh",NO
8672,Large sinkhole swallows entire pond in Lowndes County Georgia http://t.co/20Gi4Gyud5,YES
8675,A sinkhole grows ... in Brooklyn? http://t.co/UiqKDdVwKz http://t.co/aa8FwtOHyJ,YES
8678,Giant Sinkhole Swallows NYC Intersection http://t.co/ozIZdsDWP4 via @NewsBeatSocial,YES
8679,A sinkhole grows in Brooklyn: six-meter crater swallows street http://t.co/LTLh53aRN4,YES
8682,The sinkhole that ate Brooklyn http://t.co/28r2IgxmIE,NO
8687,Watch This Giant Sinkhole Form on New York City Street http://t.co/BEnWu5IARa,YES
8701,Sinking a little slower everyday ?? @ Muh Pond https://t.co/KuA48GdREL,NO
8703,"If you're lost and alone
Or you're sinking like a stone.
Carry on
May your past be the sound
Of your feet upon the ground",NO
8707,@andreajmarkley @edjschenk @SenTedCruz If you call forward sinking into a cesspool you might be right,NO
8713,Do you feel like you are sinking in unhappiness? Take the quiz: http://t.co/LNzz0ZFrom http://t.co/TGKpnqAbHh,NO
8716,Don't think I can be more blunt lol yet the message still isn't sinking in ??????,NO
8719,HELP ME I'M SINKING,NO
8725,that horrible sinking feeling when youÛªve been at home on your phone for a while and you realise its been on 3G this whole time',YES
8730,"Sinking. {part 2}
??????
#buildingmuseum #TheBEACHDC #VSCOcam #acreativedc #dc #dctography #vscodcÛ_ https://t.co/SsD9ign6HO",NO
8731,heart sinking like a sunset?? https://t.co/3cXPRDJFfe,NO
8748,@kundalini121 @manyvids thank you again... ir truly wonderful,NO
8749,@ryan_defreitas for me it's Revs Per Minute but the opening tune on Siren Song is UNREAL,NO
8756,"@Siren_Six @B30wu1f2 
Well then we see things differently.",NO
8764,@Foxy__Siren best wishes boo????????,NO
8765,WHELEN MODEL 295SS-100 SIREN AMPLIFIER POLICE EMERGENCY VEHICLE - Full read by eBay http://t.co/Q3yYQi4A27 http://t.co/whEreofYAx,NO
8769,@Kronykal @B30wu1f2 I see no point in countering skewed statements. Dumb statement is dumb.,NO
8771,WHELEN MODEL 295SS-100 SIREN AMPLIFIER POLICE EMERGENCY VEHICLE - Full read by eBay http://t.co/UGR6REFZpT http://t.co/eYyUqX4Tbt,NO
8772,I love dat lady '@Crhedrys: ???? you nko?'@Foxy__Siren: Oh finally Jennifer Aniston got married??????... I'm so happy for her ??????'',NO
8773,Police siren sound effect 1 via Play Tube Fre http://t.co/BLWnTMyQmQ,NO
8779,Ebay Snipe RT? http://t.co/tRw1OmykQz Whelen Sa-314  Siren Pa Speaker Mount Bracket Universal  With Screws ?Please Favorite &amp; Share,NO
8792,"Check out what I found on Google images!
Something to live by!  ?? http://t.co/WjOzlQBiE0",NO
8794,That new sirens and sailors ???? #workout #album,NO
8796,@HusnaaVhora I hope they dust off the air raid sirens! You can quote me on that lol,NO
8798,@BobbyCakes50 so far miss may I sleeping with sirens August burns red Memphis May Fire Attila &amp; all were so good ??,NO
8803,want a new season of The League and Sirens on Netflix.,NO
8807,and my dad is high I have a dysfunctional family,NO
8809,SOMEBODY TELL ME HOW TO MEET PIERCE THE VEIL OR SLEEPING WITH SIRENS PLEASE I BEG YOU,NO
8811,pos nose que hago escuchando Sleeping With Sirens - Iris (Goo Goo Dolls Cover) KE PEDO ._.,NO
8813,Sleeping With Sirens - Iris (Goo Goo Dolls Cover) http://t.co/KaeWtkJ06o,NO
8814,I'm falling to pieces and I won't be whole until you let me in ? Heroine by Sleeping With Sirens ÛÓ https://t.co/tQxLQUKq7z,NO
8818,I was walking past the fire house today &amp; as soon as I walk by the doors they get call and flip the sirens on. I've never ran so fast.,NO
8819,why is this reminding me of dan's collab with tyler when he complained about the sirens and they stopped i'm trash,NO
8820,There was also a calm. Something was going to happen. Suddenly a crash of lightning came through the sky and with it the wails of sirens. --,NO
8821,Sleeping With Sirens - 2 Chord,NO
8822,@jassy_curtis wait I'm fckng obsessed with your song sirens,NO
8824,@spookyerica sleeping with sirens?,NO
8826,sleeping with sirens are so irrelevant,NO
8827,Hear the Sirens ?,NO
8828,@salem_police ok so no sirens but a speaker system for chip music for a food cart should be fine with underskirt lighting?,NO
8833,Fire truck sirens for the past ten minutes straight coming and going. Must be huge. Maybe it's taco bell and they'll build a Sonic instead.,NO
8834,Sleeping With Sirens - Postcards and Polaroids.,NO
8845,Smoke sumn,NO
8847,just trying to smoke and get Taco Bell,NO
8849,@wizkhalifa smoke ??so much you don't gotta do shit but light?? one of his locks on fire  ...that's like a whole tre five right there.,NO
8861,misocapnist: One who hates the smell of tobacco smoke #UnusualWords http://t.co/jMcFFA3TOQ,NO
8867,I need a smoke ??,NO
8868,[55433] 1954 LIONEL TRAINS SMOKE LOCOMOTIVES WITH MAGNE-TRACTION INSTRUCTIONS http://t.co/2W2EtbTGdr http://t.co/MWS8130h8n,NO
8870,would definitely have way more money if i didnt smoke on the dl,NO
8873,Waiting for Joel so we can go smoke ????,NO
8874,To treat his childhood asthma Teddy Roosevelt's parents made him drink black coffee and smoke cigars. http://t.co/CtaC2xZ8dY,NO
8876,I'm not asking no fee to smoke sumn if we ain't smoking out a ounce that's disrespectful,NO
8877,Send me flying off a cliff straight through the smoke of my spliff,NO
8879,[55432] 1950 LIONEL TRAINS SMOKE LOCOMOTIVES WITH MAGNE-TRACTION INSTRUCTIONS http://t.co/8s2GxMhiSJ http://t.co/GAwvhG5aSb,NO
8882,Do you guys remember my life goal to smoke a blunt with zouis? Well it's still a goal,NO
8884,"*anti cigarette smoking commercial comes on*
me *goes outside and smokes*
thanks for reminding me to go smoke lol",NO
8889,smoke me out,NO
8891,Just want someone to smoke a blunt &amp; talk about life with ??,NO
8894,How does a snowstorm happen? Find the answers here: http://t.co/m75fCLUtF2 #snowstorm,NO
8895,you're my snowstorm baby ??,NO
8897,Tess was almost born in a snowstorm. I was 39 years ago. Here's her birth story. http://t.co/UnyuRR8baw #VBAC #NaturalBirth,YES
8898,She rose to her lofty position after being transported by accident to Oz in a hot air balloon during a snowstorm.,NO
8901,@Lily_Bell82 ya...summer is too short. Open toed shoes arent snowstorm friendly.,NO
8904,It's creepy seeing 676 closed. It was closed during a snowstorm and my balcony overlooked the 676/76 overpass. Very eerie,NO
8909,Had a dream that @woodelijah was driving me through a snowstorm.  We went to a restaurant and I left my journal behind.  #writerslife,NO
8910,RT RTphotographyUK: New #photo Oak in a snowstorm http://t.co/gWOKZELq5Q taken in #winter on the #SouthDowns #Hampshire #photography #artÛ_,NO
8911,That organic freestyle with Casey veggies is cold as an ice cream cone in a Iceland snowstorm,NO
8915,@BigBang_CBS ...wow...ok...um...that was like ice water blizzard snowstorm to the face.,NO
8917,@erincandy Hr/15 mins for me in that place. During a snowstormI was pissed lol We got oil delivered to them on snowmobiles in the end,NO
8918,A snowstorm is brewing over my desk &amp; hands are NUMB.. @irishirr - I'm guessing you adjusted thermostat? :/ @WSAZ_Brittany @kellyannwx #WSAZ,NO
8919,Long Island is technically the leftover dirt from a snowstorm and thats a geologic fact. That place is terrible.,NO
8922,#LakeEffect #Snowstorm Twill Denim Jackets   *** ALL MY PROCEEDS FOR ITEMS WITH THIS DESIGN WILL GO TO HELP THE... http://t.co/QmtDXuYktY,NO
8925,New #photo Oak in a snowstorm http://t.co/gWOKZELq5Q taken in #winter on the #SouthDowns #Hampshire #photography #art #tree #treeporn,NO
8928,@40URTY @DonOf_NikeTown snowstorm is my fave episode lmao,NO
8929,RT @WhistlerBlckcmb: One more #SnowBackSunday share: Snowstorm on the Glacier July 26 2015! via @momentumcamps http://t.co/JohKyMv9El,NO
8930,The sun is shining on this house now but imagine trying to build this summer home during a North East snowstorm!... http://t.co/BtJL9JkvXZ,YES
8932,@asda bought this bargain dress and love it- cut colour pattern. Are you doing more? http://t.co/BnZm8K2AiM,NO
8937,This week on dream from last night: my mom drove my car in a snowstorm. She hit another car while parallel parking. Saw my first ex......,NO
8940,"I feel like the cold homeless orphan gazing into the cozy mansion of the affluent eating a lobster dinner during a snowstorm.

It's fine.",NO
8943,If you like rock music you should care about 5 Seconds Of Summer. HereÛªs why. paper-storm: I am a fan of Au Û_ http://t.co/eqEeUVpRQQ,NO
8950,Warcraft 3-Inspired Mode Likely Hitting Heroes of the Storm http://t.co/848CVWWdOt,NO
8951,Well this storm hit out of no where! ??,NO
8954,"If you've got it flaunt it! 
Unless you've got an awful lot of it...then please don't.",NO
8958,The Florence Regional Airport Director says no major damage at airport from yesterday's storm. No evacuations and no blown out windows.,NO
8960,Want to know how to get the edge and storm Rock Paper Scissors http://t.co/YHzo0L7vtV #GameChanger,NO
8964,Storm &amp; Family tonight http://t.co/0aP7MoNtjF,NO
8975,IGN: A Warcraft 3-inspired mode is likely coming to Heroes of the Storm http://t.co/2qVgImRo0R http://t.co/VTRoCiHSne,NO
8977,Another next day #ThrowbackThursday of Kinky Kristy and @KyleSalive rehearsing up a storm! #DoingHashtagsRight http://t.co/UJ9hxUg7QS,NO
8981,Aurora Prediction: Kp: 3.33(11:16) 4.67(14:16) AK (earth 2.00) 75% Status: Low Storm,NO
8982,@DovahSwag @Gray_Greymane DotA 2 &gt; Heroes Of The Storm &gt; League Of Legends,NO
8984,Storm rolling into Hilton Head gonna be fun,NO
8988,Man united is not just about playing football like he did back at Spain its about passion courage and endurance to ride the storm.,NO
8990,Û÷SexistÛª peer review causes storm online https://t.co/WO2T0K4zXi via @timeshighered,NO
8991,"Gets violently ill and it's obvious
Male coworker(unaware of why): don't get everyone else sick!
Sir you cannot catch this #periodstories",NO
8995,Renewing Your Kitchen Cabinets for $100 http://t.co/lYs6p5BmDL http://t.co/ELfzsRGxRo,NO
8997,Yes. He said its dropping soon '@SDotJR_: NO WAYS!!! A video for 'Stretcher'?! @Ofentse_Tsie',NO
9003,? Stretcher in 5 min // Speaker Deck http://t.co/gXgJqQu3hU #pctool,NO
9004,Jesus!!! How does a niggaeven life his hand to do that and not leave on a stretcher https://t.co/EewIzzryjI,NO
9010,WNBA: Stars coach Dan Hughes taken off court on stretcher after collision with Danielle Robinson (ESPN) http://t.co/Jwm87uvbEf,NO
9011,@TheJasonTaylorR *EMS tries to stablize me and put me on a stretcher*,NO
9013,@Stretcher @Grazed @witter @Rexyy @Towel thanks aiden,NO
9014,Oh no! Dan Hughes seems like he's really hurt after getting knocked down by D Rob. They're bringing a stretcher on the court!,NO
9015,Mind salivation stretcher beds: KEGm,NO
9017,He's about to leave on a stretcher.,NO
9019,I was there to see @JimmieJohnson wreck in 2000 in person. My first thought was he's leaving on a stretcher!,NO
9021,"Ambulance stretcher simple stretcher emergency medical care http://t.co/hYHoFDdWl7 #0518

$169.50
End Date: WedneÛ_ http://t.co/rMdfx6y0HO",NO
9024,Stretcher in 5 min https://t.co/DIWLBiaHvP,NO
9032,lil more i did want a stretcher yc,NO
9035,Stars HC Hughes down w/ what looks like lower back injury. Being put on stretcher. 4:46 to play in the 2nd Wash up 25-23,NO
9036,georgegallagher: RT WNBA: Stars coach Dan Hughes taken off court on stretcher after collision with Danielle RobinÛ_ http://t.co/wz4xVZYqJd,NO
9037,Throat stretcher http://t.co/vkThHbOQjs,NO
9043,Investigators say a fatal Virgin Galactic spaceship crash last year was caused by structural failure after the... http://t.co/FoxpVpTttA,YES
9046,Investigators say a fatal Virgin Galactic spaceship crash last year was caused by structural failure after the co-pilot unlocked a braking,YES
9048,Investigators say a fatal Virgin Galactic spaceship crash last year was caused by structural failure after the... http://t.co/QOs0DE9BKQ,YES
9049,Investigators rule catastrophic structural failure resulted in 2014 Virgin Galactic crash http://t.co/nLzbHcfXCM,YES
9050,NTSB: Virgin Galactic crash caused by structural failure triggered when brakes unlocked early http://t.co/MgIG4uX7DM Û_,YES
9056,Building structural integrity &amp; failure: problems inspections damages defects testing repair | Rightways https://t.co/a1KN4U3YuA,NO
9063,@paulmyerscough but also a complete failure of imagination when it comes to institutional/structural analysis regardless of politics,NO
9065,Virgin galactic crash: early unlocking of brakes triggered structural failure http://t.co/3YLSQ1fSEf http://t.co/ABpMLymHNK,YES
9066,Investigators say a fatal Virgin Galactic spaceship crash last year was caused by structural failure after the... http://t.co/SYL7ou7qVW,YES
9068,http://t.co/NSA4kfN2RB Coal Industry's imprudent decisions! Like @TonyAbbottMHR FAILURE to recognize structural change! LOOKOUT INVESTORS!,NO
9069,ÛÏ@NewsHour: Investigators rule catastrophic structural failure resulted in 2014 Virgin Galactic crash http://t.co/M8HRetrO31Û,YES
9070,Can You Afford Structural Failure? http://t.co/X3mKNITh7K,NO
9073,The NTSB reports that last year's crash of a Virgin Galactic spaceship was caused by structural failure after the Û_ http://t.co/vSAPkWJTEA,YES
9076,#BBCLive Investigators say a fatal Virgin Galactic spaceship crash last year was caused by structural failure ...  http://t.co/u5suyvLfZJ,YES
9091,@GazelleBundchen different materials etc. Just because a closer building stayed intact doesn't negate a structural failure in building 7.,NO
9092,International News Û¢åÊ'Nigeria suicide bomb kills at least seven at market ' via @233liveOnline. Full story at http://t.co/MtTdvy6141,YES
9104,Pic of 16yr old PKK suicide bomber who detonated bomb in Turkey Army trench released http://t.co/VtVXa0Srmw http://t.co/Qq70Gf99ba,YES
9105,reaad/ plsss Pic of 16yr old PKK suicide bomber who detonated bomb in Turkey Army trench released,YES
9108,reaad/ plsss Pic of 16yr old PKK suicide bomber who detonated bomb in Turkey Army trench released,YES
9111,#GRupdates Pic of 16yr old PKK suicide bomber who detonated bomb in Turkey Army trench released --&gt;... http://t.co/hUCyI6NRbB,YES
9115,ll//ll= Pic of 16yr old PKK suicide bomber who detonated bomb in Turkey Army trench released http://t.co/8vBgg9IY7i /,YES
9117,./.....hmm Pic of 16yr old PKK suicide bomber who detonated bomb in Turkey Army trench released http://t.co/5v29w19tFX /(,YES
9122,wo Pic of 16yr old PKK suicide bomber who detonated bomb in Turkey Army trench released http://t.co/Sj57BoKsiB /'/'//,YES
9125,Pic of 16yr old PKK suicide bomber who detonated bomb in Turkey Army trench released: Harun Ìàekdar a member o... http://t.co/v0NTQyZlPK,YES
9127,International News Û¢åÊ'Nigeria suicide bomb kills at least seven at market ' via @233liveOnline. Full story at http://t.co/MtTdvy6141,YES
9129,#Bestnaijamade: 16yr old PKK suicide bomber who detonated bomb in ... http://t.co/KSAwlYuX02 bestnaijamade bestnaijamade bestnaijamade beÛ_,YES
9133,#GRupdates Pic of 16yr old PKK suicide bomber who detonated bomb in Turkey Army trench released --&gt;... http://t.co/P5yASKTq0K,YES
9136,Pic of 16yr old PKK suicide bomber who detonated bomb in Turkey Army trench released http://t.co/I3ceSn7KXI http://t.co/2yCM0dlQ2f,YES
9138,#Bestnaijamade: 16yr old PKK suicide bomber who detonated bomb in ... http://t.co/KSAwlYuX02 bestnaijamade bestnaijamade bestnaijamade beÛ_,YES
9140,Pic of 16yr old PKK suicide bomber who detonated bomb in Turkey Army trench released: Harun Ìàekdar a member o... http://t.co/fMoqK26hIm,YES
9147,#Noticias Suicide bomber kills 15 in Saudi security site mosque  http://t.co/oipt1uBaXo,YES
9150,Suicide Bomber Kills 13 At Saudi Mosque: Back in May a suicide bomber struck a Shi'ite mosque in eastern Saud.. http://t.co/FlrOvkANC0,YES
9152,Suicide bomber kills 15 in Saudi security site mosque http://t.co/1I62JjK6pT,YES
9153,"qtSZg mhtw4fnet

Suicide bomber kills 15 in Saudi security site mosque - Reuters",YES
9155,Suicide bomber kills at least 15 in Saudi mosque: A suicide bomb attack inside a mosque in a local security fo... http://t.co/n6njdG6r9l,YES
9158,New post: Suicide Bomber Kills 13 At Saudi Mosque http://t.co/YcuV4KTgrl,YES
9160,Suicide bomber detonates in Saudi Arabia mosque 17 reportedly killed http://t.co/BNVCvNYXXj,YES
9163,Suicide Bomber Kills 13 At Saudi Mosque http://t.co/VHQeD0gO0n,YES
9165,Suicide bomber kills 15 in Saudi Arabia mosque used by the police :IS claims responsible for barbarism http://t.co/Ux5YA1cSG3,YES
9167,@ZeeNews How come no one asked the obvious QN? Why show a Hindu suicide bomber?  Never heard of one.,YES
9168,More details: Bomber kills at least 13 at #Saudi mosque in Asir - including 10+ members of 'special emergency forces' http://t.co/i1626mnNd9,YES
9170,Suicide bomber kills 15 in Saudi security site mosque - Reuters http://t.co/KCObrZBVDs http://t.co/y62HSFVIAQ,YES
9176,[The Guardian] Islamic State claims suicide bombing at Saudi Arabian mosque http://t.co/tqvPUSaFJQ,YES
9178,Google News CA: Suicide bomber kills 15 in Saudi security site mosque - Reuters: Wall Street Jou... http://t.co/mawD20REGb #News #Canada,YES
9184,#?? #?? #??? #??? Suicide bomber kills 15 in Saudi security site mosque - Reuters  http://t.co/ebGGmfxoBy,YES
9186,Islamic State claims suicide bombing at Saudi Arabian mosque: Ten members of emergency services... http://t.co/0Bznfdg0aR #Kabari #World,YES
9188,'Islamic State' group claims Saudi mosque suicide blast: The jihadist group claims it sent a suicide bomber toÛ_ http://t.co/H2CTpG4oyZ #dw,YES
9189,17 dead as suicide bomber attacks Saudi Arabian mosque http://t.co/d5cUDwuhww | https://t.co/twnsWk0hFJ,YES
9190,IS claims suicide bombing against Saudi police: An Islamic State group suicide bomber on Thursday detona... http://t.co/yoXZFbRvzI #news,YES
9196,Career goals ?? try not to cause a suicide bombing or raise psychos that like blowing shit up!,YES
9198,@JRehling @MyyTwoCentss And if your best evidence is the word of a guy who encouraged suicide bombing as a means to get to heaven.....well..,YES
9199,AFP: #PKK said it carried out suicide bombing against troops in eastern #Turkey as a reprisal for 'bombing of a civilian village',YES
9200,"ErdoganÛªs Bloody Gambit: 
Max Zirngast in Jacobin:
On July 20 a suicide bombing took the lives of thirty-one... http://t.co/l1vN8zXLGG",YES
9201,@samfbiddle If Gawker so badly wants to commit suicide why don't you just volunteer your offices to test the new F35's bombing capabilities.,YES
9202,#ISIS claims credit for suicide bombing 'with 6 tons of explosives' at the central command of #Syria(n) T4 airbase http://t.co/QOaU2QLJ3B,YES
9204,IF SUICIDE BOMBING WASTHE SMARTEST THING2 DO FOR ALLAH/GODJESUS/THE HOLY PROPHET MUHAMMAD COULD HAVE KILLEDSOMEBODY? http://t.co/tGfWuVVHxj,YES
9205,Kurdish Militants Target Turkish Military In Suicide Attack - Huffington Post http://t.co/03bJm4ORoW,YES
9213,@PieroCastellano @nipped suicide bombing civilians in major TR cities yet?,YES
9214,Remembering Sgt.-Maj. Roni Ghanem 28 of Maghar murdered by Hamas terrorists in the suicide bombing of Egged bus No. 361 13 years ago today,YES
9224,Turkish troops killed in Kurdish militant 'suicide attack' http://t.co/q1eIXnjjpt,YES
9227,@mehdirhasan percentages of young Muslims who believe suicide bombing is justified per pew research: 35% Britain 42% France 29% Spain,YES
9228,PKK Suicide Bombing Kills 2 Soldiers in Turkey http://t.co/dfanUDwSQ3,YES
9229,YAOUNDE Cameroon (AP) ÛÓ Authorities have ordered the closure of mosques and Islamic schools following a series of suicide bombing attacks,YES
9234,@61_alvin @Craigyb74 @nomar4eva @Shahasda80 @wherepond @trensabby @parallelpond the wall Israel erected has stopped suicide bombing?,YES
9236,#ISIL has claimed credit for three suicide bombing attacks targeting regime checkpoints on the outskirts of Al-Qaryatayn. #Homs #Syria,YES
9241,MUST-SEE: Massive ISIS Suicide Truck Bombing Caught On Tape http://t.co/hMsPYpozLn via @GabbyOgbechie1TPGazette,YES
9243,According to the tabloids Cilla could've been saved. In the sense that Titanic wouldn't have sunk had it avoided the iceberg.,NO
9245,Managed to shuffle over to the bed. Butterflies swarmed in the pit of her belly at @VengefulKnave's offer. Her canines sunk into her lower++,NO
9256,Today 5/8/1941 Today 1941 British cargo ship Kumasian torpedoed/sunk Atlantic lost 1 of 60 lives Any1 have link? #crewlist #WW2,NO
9258,@widow_elena @stelena_always The show sunk because of DE. Are you really that blind? Keep trying with me though ??,NO
9261,the idea of an album that is entirely ZAYN just sunk in to me and im loving it,NO
9274,IT JUST SUNK IN THAT IM NOT SEEING ONE DIRECTION,NO
9279,"Sweet jeezus. How is this an election issue?
This is how far we've sunk. https://t.co/XJ5BklBxWI",NO
9282,Think it's actually sunk in that we've left school ??????????,NO
9284,"Check out my Lightroom collection ÛÏJordyne Sr Photos Lincoln Hay Col SunkÛ:
more of the results from Sunday

http://t.co/KvBEdKGlgw",NO
9285,@Birdyword Nice piece you wrote on #RBS sale. Think sunk-cost fallacy disposition effect http://t.co/UIvpE74kUi https://t.co/LdPrUf2wuR,NO
9291,12 was parked in front my house heart sunk Ta my toes... Lol all I was thinkin 'yal bitches ain finna get me dis time',NO
9295,@ASOLIDRIGHTHOOK omg I remember that?? she just didn't give a shit yet somehow she managed to survive Idek how,NO
9299,@amyschumer you eat food in order to survive?! Ugh and to think how much I admired you.,NO
9302,Only 3 months to XCOM 2. I can survive that long. Right? Right?,NO
9304,theyre training all the celebrities 2 b  superheroes so wen the apocalypse occurs theyll survive/repopulate earth w/ superior/hot beings,NO
9305,"#Rick Grimes: 'We'll survive. I'll show you how.'

#TheWalkingDead
Season 5
#Conquer
29 Mar 2015 http://t.co/PbAFmAlgtb",NO
9306,You deserve love but a queen don't need a king to survive??,NO
9310,'I mean if the relationship can't survive thezlong term why on earth would it be worth my time and energyqfor the short term?',NO
9312,#ScienceDaily Parental experience may help coral offspring survive climate change http://t.co/M2tJoxkCoU,NO
9316,No @Rookiebluetv tonight?? how will I survive?! @RookieBlue_ABC @mperegrym,NO
9318,"The #Future of Insurance and Driverless #Cars: Can the #Insurance Industry Survive #Driverless Cars?
http://t.co/zEARtXBOFt",NO
9323,in this game you and candy and friends attack in the pizzeria your mission survive the night,NO
9326,@wildestsdream idkidk they're not breaking up although if they do i'll survive because solo harry bless,NO
9327,Just stop and survive off that there such purchases,NO
9328,did harry survive the show,NO
9331,#WWII #SGM T34 in flames but with tank of gasoline to the outside it is likely that the crew survive . http://t.co/Psz22ky0fM,NO
9335,Survive! ???? no sleep as in!,NO
9336,#Aquarius women are not the vulnerable type so you do not have to worry about her. She will survive all by herself.,NO
9340,Took the time to finally install #win10 on one of my systems. Let's see if it will survive a weekend of #lanparty.,NO
9349,"Grandma's friends survived to the attack in Hiroshima but they died with cancer when kids/teenagers??
#BombEffects",YES
9352,Fotoset: ÛÏYou are the person who survived a bunch of rainstorms and kept walking. I now believe that pain... http://t.co/xEGNtXnH3B,NO
9353,@FoxNews my father's mother survived it. Never met her.,NO
9354,Good news Adam Barton survived the helicopter crash in #Emmerdale maybe now he can start training &amp; get match fit. #Pompey,NO
9356,Don't even know how I survived that http://t.co/zigDPaCq5B,NO
9357,Lets see how long i survived b4 i fall back to dreamland,NO
9358,@Babypicturethis SNACKS SNACKS SNACKS. Snacks is how we survived flights with W&amp;P when they were wee.,NO
9359,Bucket list checked 3 hours of sleep in 2 days with 3 presentations on the second day and survived ??,NO
9364,Survived my first #tubestrike thanks to @Citymapper,NO
9366,The 390-Year-Old Tree That Survived the Bombing of Hiroshima http://t.co/kEirA8MA3K,YES
9369,@justgetawayx everything will turn out fine!! I went to lp/om&amp;m alone and survived it and so can you,NO
9370,You'll be pleased to know I survived my dental appointment ??,NO
9379,Oh my days!!!! Thank God Cain has survived!!! ??#Emmerdale #SummerFate,NO
9381,How would you like to be remembered? ÛÓ On how i survived big achievements and what i really am. http://t.co/X7r2LNjsh8,NO
9383,Wow that was a tough final. I barely survived ??,NO
9389,I survived the tube strike! This is my victory smile ;D http://t.co/L3Y3x2Cats,NO
9390,Trapped a bee in my shoe only one of us survived I just ran 0.15 mi @ a 13'46'' pace with Nike+. http://t.co/IbG4ynJsw8 #nikeplus,NO
9392,Important piece on long-term #health effects of #Hiroshima by @juliepower: http://t.co/J2s4Ng7wGt via @smh @croakeyblog,YES
9394,Haunting memories drawn by survivors http://t.co/a4H2e5xhiK via CNN,YES
9398,The Cafe Run by Acid Attack Survivors in #India http://t.co/XtVRJMRREs http://t.co/ndvlAPJvQL,YES
9399,CNN: Haunting memories drawn by survivors http://t.co/ZEnDvsgYMD,YES
9400,Want to meet @incubusband? Earn your way by watching @thematthewcooke's #SurvivorsGuidetoEarth! #Incubustour2015 - http://t.co/QW5XcXenRD,NO
9407,Aya KanoÛªs family has taken two nuclear hits: First #Hiroshima. Then #Fukushima. http://t.co/kcx9w2EJ8A http://t.co/aC50jw3Xmw,YES
9409,See the comment from @yogal700 on @thejournal_ie:LÌä Niamh leads search for survivors of capsized migrant boat.... http://t.co/TAKgauQ6pd,YES
9412,#orlando Survivors of Shanghai Ghetto reunite after 70 years http://t.co/f8pE52ZeyX,YES
9413,As Anniversary Nears Atomic Bomb Survivors Speak Out Against Nuclear Power | Common Dreams  http://t.co/n8f2dXVduD,YES
9415,'We need to talk about our bums!' Bowel cancer affects young women too (via @WomensWeeklyMag) http://t.co/QJBa3EtfhV,NO
9419,Haunting memories drawn by survivors http://t.co/kDh4evYWpt via cnnbrk CNN #news,YES
9423,A new favorite: Hardwell &amp; Dannic - Survivors (Remake) [FLP Family] by @FLP_Family https://t.co/yGVMztP1rt on #SoundCloud,NO
9424,"RT @SyedIHusain @penelopephoto 
The man who survived Hiroshima: 'I had entered a living hell on earth' http://t.co/qFinwD7ls7",YES
9426,No text is worth your life. Hear stories of survivors and pledge not to text and drive. http://t.co/xkAfgsGmZ5,YES
9427,@TheNerdsofColor @GeorgeTakei narrates our new doc about #Hiroshima WWII bombing and survivors tales. Check it out http://t.co/33RfRc7ZqT,YES
9428,The legendary dutch producer Dannic is making his way to Denver to bring his progessive house sound to... http://t.co/s3JhXiDslZ,NO
9429,@ShaunKing Check this out: Tribute to survivors of sexual assault by law enforcement officers on facebook.,NO
9433,Hiroshima schoolgirls archive memories of A-bomb horror http://t.co/32IzXXrUdP via @ABCNews,YES
9437,"Your donation will make a difference in the lives of #survivors of #braininjury. Please donate today.
 http://t.co/noF8f0RScb",NO
9440,Survivors! Isabel Hodgins Danny Miller Laura Norton &amp; Mark Charnock take a group pic #SummerFate #BehindTheScenes https://t.co/qUKpVpwRFv,NO
9442,"Cross-border terrorism: Pakistan caught red-handed again
http://t.co/FfbnLuiy0f via@timesofindia",YES
9443,@BBCNewsAsia State sponsored terrorism.,YES
9444,Judges considering fate of children as young as two amid radicalisation fears http://t.co/EgWU4mJV0a,YES
9447,A Brief History of False Flag Terrorism | Wake Up World - http://t.co/KTeqJRXzpc via http://t.co/yZxlQeMKPF,YES
9459,Online Homeland security: An Appraisal of #PakistanÛªs #Anti-Terrorism #Act http://t.co/aeRU3nStpN,YES
9461,"Truth...
https://t.co/GLzggDjQeH
#News
#BBC
#CNN
#Islam
#Truth
#god
#ISIS
#terrorism
#Quran
#Lies http://t.co/MYtCbJ6nmh",YES
9462,Combating #fear of #terrorismturn off your tv &amp;Veterans For Peace Calls 4 an End 2 #NATO #VFP http://t.co/YPPG4kZIpS http://t.co/cBfdI6LF2X,NO
9464,Cross-border terrorism: Pakistan caught red-handed again http://t.co/NVGNF9AcuU,YES
9473,New US counter #terrorism program urges #Muslims to rat each other out critics say http://t.co/r0w85x3b0z http://t.co/VUUQqBo6mp,NO
9475,People buyout over terrorism and Isis but have a better chance getting shot at in a movie theater  https://t.co/jkdjH2zw8s,NO
9476,Cross-border terrorism: Pakistan caught red-handed again @timesofindia http://t.co/ZfdcWV4ch0,YES
9477,"?? Iran largest sponsor of terrorism
?? If #IranDeal goes thru US gives $150 Billion

?? FACT: US will become largest supporter of terrorism",NO
9478,"Truth...
https://t.co/Kix1j4ZyGx
#News
#BBC
#CNN
#Islam
#Truth
#god
#ISIS
#terrorism
#Quran
#Lies http://t.co/pi6Qn7y7ql",YES
9479,New US counter #terrorism program urges #Muslims to rat each other out critics say http://t.co/mVn6T9VhUl http://t.co/7lUfjX684i,NO
9483,@Daggy1 Maybe reagan giving weapons to Iran's regime in the 1980s is terrorism no?,NO
9487,"Truth...
https://t.co/n1K5nlib9X
#News
#BBC
#CNN
#Islam
#Truth
#god
#ISIS
#terrorism
#Quran
#Lies http://t.co/CGz84MUOCZ",YES
9494,Terrorist attack in #Udhampur district in J&amp;K; 2 SPOs injured,YES
9497,Udhampur terror attack: NIA takes over probe Pakistani terrorist quizzed; Pak denies link  http://t.co/i3gLzABeGl,YES
9498,Three Israeli soldiers wounded in West Bank terrorist attack - Haaretz http://t.co/Mwd1iPMoWT #world,YES
9506,Lupe know how to rap about social issues and not be boring.  American Terrorist All Black Everything and Little weapon are good examples,NO
9512,POLLS:  SHOULD THE UNBORN BABIES OF BOKO HARAM TERRORIST BE KILLED IN THEIR MOTHERS WOMB OR SPARED?                http://t.co/3skw0DqZ0r,YES
9514,RT AbbsWinston: #Zionist #Terrorist kidnapped 15 #Palestinians in overnight terror on Palestinian Villages Û_ http://t.co/J5mKcbKcov,YES
9515,Reading rec today: Faisal Devji's Terrorist in Search of Humanity on extremists using idea ever since the bomb of humanity as single entity,NO
9516,@VICE no sympathyONLF is a terrorist group affiliated with AL shabab This is war! Go report on  war crimes committed by Western powers!,YES
9517,"RT AbbsWinston: #Zionist #Terrorist Demolish Tire Repair Shop Structure in #Bethlehem
http://t.co/ph2xLI8nVe http://t.co/22fuxHn7El",YES
9518,Tltltltltlttlt @P_Grolsh: Ladies are doing gymnastics in the shower!!! Opening legs wider wololo #MetrofmTalk',NO
9521,To whom we shld ask tht from where this bldy PAK terrorist has entered in our country...?,NO
9523,#Article 370 hs to.remove by this govt.otherwise our son who is on Border 'll b slain by Muslim terrorist.Bstrd Media takig SculrismFinis'em,NO
9527,something is seriously wrong.suddenly deres one attack after anoder.Did a large contingency of terrorist... http://t.co/MVhjSelV5z,YES
9528,Stop using the money of tax layers of the country to feed bloody terrorist. Shot them and give a strong msg as other country does...,NO
9530,I always wonder why and how media is capable to meet or get details of terrorist? Cops dont even get to know them primarily? Strange,NO
9532,#Congi &amp; Indian News Presstitutes must be sympathising on the Terrorist caught alive in Jammu.If they can do for Yakub Sonia must be feeling,NO
9534,@RegaJha @sethiankit True also a racial attack in US perturbs buzzfeed India more than 3 back to back terrorist attacks on India..,NO
9535,Okay #MetroFmTalk,NO
9536,[August 06 2015 at 08:02PM] Three Israeli soldiers wounded in West Bank terrorist attack via http://t.co/6nDHERpBoT,YES
9543,@szuniverse No threat of that sir... For some reason my Internet connection has slowed way down...,NO
9544,White Space Devices Pose Threat to Medical Devices Warns Lawmakers  http://t.co/kZ240R8qp9,NO
9545,A reminder: White Americans are the biggest terror threat in the United States according to new study. http://t.co/BqzhPjOTF5,YES
9546,Angry Orchard Hard Cider Recalled Due To Threat of Exploding Bottles http://t.co/OXgefsoF2B,NO
9549,Most Popular Content Top story: Barrel Bombs Not ISIS Are the Greatest ThreatÛ_ http://t.co/c8YYUWmefG see more http://t.co/BsMz4qlLBN,NO
9558,The most prescient part of Tropic Thunder was that fat-suit fart comedies would use the 2.40:1 aspect ratio.,NO
9560,"Yr voice ws the soundtrack of my summer.Do u know u're unlike any other.U'll always be my thunder! ?
@DarshanRavalDZ http://t.co/XVRbKvannu",NO
9561,this thunder though.......,NO
9570,was that thunder?,NO
9573,The goddess is said to be married to either Perk?nas (thunder god) or Praam_ius (manifestation of chief heavenly god Dievas).,NO
9578,I don't wake up until another 2 hours &amp;&amp; I get interrupted . ????? I hate thunder .. ??,NO
9584,#FatLoss #Diet How Can You Find The Best Ways To Reduce Weight? http://t.co/czcC7NIEoX #Thunder #Health,NO
9587,Tuesday Bolts ÛÒ 8.4.15 http://t.co/mkMSV54eV2 #Thunder #NBA,NO
9588,I need a thunder buddy. ????,NO
9599,Raise your words not your voice. It is rain that grows flowers not thunder.,NO
9601,it doesn't really get much better then summer thunder storms wrapped in a blanket. #icouldsitinthismomentforever,NO
9604,Idk if ithats thunder or people rolling in their trashcans ??????,NO
9614,[HIGH PRIORITY] SEVERE THUNDERSTORM WATCH ENDED Issued for Red Deer [Updated: Aug 05th 20:29 MDT] http://t.co/ZrIyNa6f6m,YES
9615,Severe Thunderstorm Warning until 10:30 PM local for Oklahoma County in OK. 60 Mph Wind Gusts And Half Dollar Size Hail. #okwx #myswc,YES
9621,New event. Severe Thunderstorm Warning from 8/5/2015 9:50 PM to 10:30 PM CDT for Oklahoma County. Mo,YES
9622,Stood there for 20 mics tryin to get a #lightning pic before settling for a vid. #okc #weather #summer #thunderstorm http://t.co/k2GJBOk6ft,NO
9623,GSP issues STRONG THUNDERSTORM WILL IMPACT PORTIONS OF NORTHEASTERN PICKENS COUNTY UNTIL 1115 PM EDT for  Greater Pickens Pickens MountainÛ_,NO
9624,A Dog Was Abandoned In A Thunderstorm. But Then A Neighbor Steps Up And Does THIS http://t.co/iR3OXEH7id,NO
9626,Severe Thunderstorm Warning for Oklahoma County in OK until 10:30pm. http://t.co/Iyq8gf437p,YES
9628,RT @LivingSafely: #NWS issues Severe #Thunderstorm Warnings for parts of #AR #NC #OK. Expect more trauma cases: http://t.co/FWqfCKNCQW,YES
9630,Just woke up to the loudest thunderstorm I've ever heard,NO
9631,RT @LivingSafely: NWS posts Severe #Thunderstorm Warnings for parts of #AR #NC #OK. Seek strong shelter if at risk: http://t.co/kImr0l24Fb,YES
9633,GSP issues STRONG THUNDERSTORM WILL IMPACT PORTIONS OF NORTHEASTERN PICKENS COUNTY UNTIL 1115 PM EDT for  Greater Pickens Pickens MountainÛ_,NO
9635,OUN issues Severe Thunderstorm Warning for Oklahoma [OK] till 10:30 PM CDT http://t.co/do6H2pVuB4,YES
9637,Special Weather Statement issued August 05 at 10:40PM EDT by NWS: ...STRONG THUNDERSTORM WILL IMPACT PORTIONS ... http://t.co/ulqeR1yTpX,YES
9641,Loud ass thunderstorm for no reason !??,NO
9647,RT @LivingSafely: NWS posts Severe #Thunderstorm Warnings for parts of #AR #NC #OK. Seek strong shelter if at risk: http://t.co/HE4Qh2I5wF,YES
9648,Severe Thunderstorm Warnings have been cancelled in central Oklahoma. Still expect 50 mph winds penny sized hail,YES
9649,Pretty bad ass thunderstorm,NO
9658,I asked my dad 'what if a tornado comes ?'and he said 'well you better stick your head between your legs and kiss your butt goodbye'??,NO
9662,Storm damage maybe a tornado near Chadbourn. See http://t.co/gAs4sS3dKS http://t.co/zlhVYArtCU,YES
9668,Going to attempt the California fair again tomorrow hopefully we don't die in a tornado ??,NO
9671,#tornado #singapore Mac and #cheese #around the world - mac cheese cookbook: http://t.co/rgAm3eQOwn Mac and Ch http://t.co/X6ZJpzB8UP,NO
9676,http://t.co/Dg0EcBYKJL Tornado warnings end after thunderstorms hammer Calgary region for 2nd night #HeadlinesApp,YES
9677,(AL)  Severe Thunderstorm Warning issued August 05 at 8:44PM CDT until August 05 at 9:15PM CDT by NWS http://t.co/bviYy8BMsb #alwx,YES
9679,"Saam's character rocks! @OliLafont A must read for #Fantasy #mythology lover 
http://t.co/izgHpYQko4 http://t.co/XAibgO445o #TornadoGiveaway",NO
9682,Tornado warnings issued for southern Alberta http://t.co/zqmzAi8yIz,NO
9685,@MarquisDeSpade You can tell yer sins to me. I won't judge you. Take your clothes off and we can sing a hymn. Let's do Abba .@TORNADO_CHICK,NO
9689,@sarahnandola BTW we all live in libertyville now. Bc of the tornado,NO
9692,A tornado flew around my room before you came...,NO
9693,@dead_last I'm going to live out of my car for a year probably 2016 life goals :),NO
9694,#TornadoGiveaway åÊ #thebookclub åÊ Join in!! https://t.co/8qucf6sgOc https://t.co/5U1t8hc4uf,NO
9696,Loving you was like throwing a lasso around a tornado I tried to hold on to.??,NO
9700,Blonde beauty Amanda shows you her big natural boobs in her first set http://t.co/qew4c5M1xd View and download video,NO
9711,Rly tragedy in MP: Some live to recount horror: ÛÏWhen I saw coaches of my train plunging into water I called ... http://t.co/KiXRcBNjLs,YES
9713,@enjoltair that would be both a tragedy but also extremely realistic and p cool yeah sure,NO
9720,"@TEDMED
I remember my friend Jeff Weisberg saying ÛÏIf I can only gat back from this ER shift w/out a kiddie tragedy'",NO
9721,'1 Death is a tragedy; a million Deaths is a statistic.' Stalin August 6 1945 U.S. Atomic Bomb Dropped On... http://t.co/kaMPx4eOS9,YES
9725,They can only ban SAFE abortions- back alley tragedy will come back.  USA is NOT a theocracy!!!!! http://t.co/qIkS2FUTb1,NO
9726,@MindfulYoga responds to the tragedy of #CecilTheLion http://t.co/5tPZ7loLlX #yoga #compassion @Hugger_Mugger http://t.co/MhIF6mPNTs,NO
9727,@MeekMill Have your beef Idgaf but you went too far when you used a tragedy where PEOPLE DIED to insult Drake. You owe T.O an apology.,NO
9735,If our love is tragedy why are you my remedyyyy,NO
9740,jiwa mines Rly tragedy in MP: Some live to recount horror: ÛÏWhen I saw coaches of my train plunging into water... http://t.co/LOEPKBS38J,YES
9742,Rly tragedy in MP: Some live to recount horror: ÛÏWhen I saw coaches of my train plunging into water I called ... http://t.co/BdlqasD0wB,YES
9743,These women all bonded through tragedy. All of em were broken in some way,NO
9747,Rly tragedy in MP: Some live to recount horror: ÛÏWhen I saw coaches of my train plunging into water I called ... http://t.co/cSPAmWTo6T,YES
9748,Rly tragedy in MP: Some live to recount horror: ÛÏWhen I saw coaches of my train plunging into water I c... http://t.co/AWWg8kNMZg Over.,YES
9751,Rly tragedy in MP: Some live to recount horror: ÛÏWhen I saw coaches of my train plunging into water I called ... http://t.co/HR4GNyGSiC,YES
9758,@LauraE303B @SheilaGunnReid A war we'll never win? There r 2500 Yezidi women trapped as slaves.We know where they are. Doing nothing is evil,NO
9767,Think of it as a reality TV show I tell myself to quell the panic rising in my throat. Introvert: Trapped in Tokyo. The 150-square-foot,NO
9768,Been signed off work for a week as i have a trapped nerve and can not move.! Life is a struggle right now.! ????,NO
9773,"Confused Westie Believes Dogs Are Trapped In The Computer
http://t.co/aWZoNRYc9y http://t.co/HwJ7GwAVvB",NO
9777,(#TeambrianMundial) Hollywood Movie About Trapped Miners Released in Chile: 'The 33' Holly... http://t.co/Ama6AVULnA (#TeambrianMundial),YES
9781,No one on the south shore knows how to make good coffee and I'm trapped in a living hell,NO
9784,"Then @slrqxcrls on this trapped out evil monster!

https://t.co/n3I79QLBsS",NO
9786,Eric is 18 trapped in a 48 year olds buddy,NO
9789,Hollywood Movie About Trapped Miners Released in Chile: 'The 33' Hollywood movie about trapped min... http://t.co/BinNJwobtU #topstories,NO
9792,took her to the trap house now lil mama trapped out ??,NO
9793,If I ever saw a dog trapped in a hot car you better believe I'm busting your fucking windows open and taking your dog,NO
9798,Hollywood movie about trapped miners released in Chile: SANTIAGO Chile (AP) ÛÓ The Hollywood movie on the 33 m... http://t.co/RAzFkXbhMN,NO
9799,Billionaire Mottas Try Getting Trapped Money Out of Venezuela - Bloomberg http://t.co/5JqMWaf6Vp,NO
9802,@Pandamoanimum Duly noted.The involuntary wince I have when people send me words like 'holibobs' must make it look like I have trapped wind.,NO
9803,1961 LES WOZNI In Hospital After He Broke His Leg Trapped in CAVE IN Press Photo http://t.co/7Rr4lo1lfW http://t.co/IOLOFaphsv,YES
9804,It's a trap not a fucking game. U ain't trapping if u ain't trapped,NO
9805,@JetsetExtra A2 - meeting new interesting people learning about new places and the freedom to not be trapped by circumstances #JSETT,NO
9807,Ghost is literally surrounded by people who are trapped mentally. Small minded individuals smh.,NO
9809,Students suffering from trauma ÛÓ like divorce violence &amp; poverty ÛÓ often act out. Schools are trying a new approach. http://t.co/mDaCuJ9W1q,NO
9811,"RT MME_AUSTIN: Why #Marijuana Is Critical For Research in Treating #PTSD

http://t.co/T6fuAhFp7p 
#hempoil #cannÛ_ http://t.co/RhE7dXM7Ey",YES
9814,sickmund: RT NCJFCJ: #NCJFCJ President Judge Byrne opens the first Nat'l Summit on #Trauma &amp; the Courts in #ClevelÛ_ http://t.co/1rzxqpUGFG,YES
9817,What I Learned About Fat Dating Trauma Through Piggy and Kermit https://t.co/FJwQdThAIh,NO
9821,Esteemed journalist recalls tragic effects of unaddressed #childhood #trauma. #counciling #therapy #newauthors #HIV http://t.co/GXq1AuhzCy,YES
9824,It's shocking how your heart repairs itself from such terrible trauma,NO
9825,Effective immediately Maimonides Medical Center is no longer an Adult or Pediatric Trauma Center. http://t.co/rTs30ZuVhT,NO
9827,@MountSinaiNYC @Beingtweets @Susancares2x #onbeingwithKristaTippett This is important for women living w/HIV the science of trauma,NO
9839,Hiroshima: They told me to paint my story: Eighty-nine year old man recalls the terror and the trauma when the... http://t.co/VhMbN4bn0b,YES
9840,Idk how I'm supposed to have my daughter in gymnastics and cheer at the same time? She refuses to make a choice. Ugh DIVA ??,NO
9843,@AngstAttack Dating a woman does NOT make you a Lesbian. However Lesbians are in fact caused by experiencing trauma involving a man.,NO
9844,"Why #Marijuana Is Critical For Research in Treating #PTSD

http://t.co/5PRq6FvE5Z 
#hempoil #cannabis #marijuananews http://t.co/HcvbwtKlMT",YES
9845,Your brain is particularly vulnerable to trauma at two distinct ages http://t.co/Wvq0Rf6UAm,NO
9847,Your brain is particularly vulnerable to trauma at two distinct ages http://t.co/RAv8iMVvZB via @qz,NO
9848,Gutted. 6 weeks to go. Suspected fracture to my left ankle. Trauma clinic to see Specialist tomorrow #gnr @sageuk http://t.co/wa3sIUtoI0,NO
9851,Your brain is particularly vulnerable to trauma at two distinct ages http://t.co/PTLgpqQeuQ,NO
9852,North American Rescue IFAK Refill Trauma Kit with NEW Red Tip Tourniquet IPOK + http://t.co/wrxwCA35EZ http://t.co/Ve0vXVJOkz,NO
9855,PTSD research aims to answer a question left to future researchers in 1922 by a post WW1 inquiry http://t.co/gRDebWx70f,YES
9856,RT @judithabarrow author CHANGING PATTERNS  #amazon http://t.co/0oCrOtMkHM SILENT TRAUMA http://t.co/2ZGrVnMDW9 #amazon,NO
9863,I've spent the day  traumatised about the fact that there is loads of good music out there and I'm probably not going to hear it all,NO
9867,Can you imagine how traumatised Makoto would be if he could see himself in the dub (aka Jersey Shore AU) rn? Well done America,NO
9871,@TremendousTroye I'm so traumatised,NO
9876,"@PeterDutton_MP 
YOU DIDN'T 'STARE' DOWN 'PPL SMUGGLERS' 
YOU PAID THEM TO GO AWAY!
2 men died many traumatised children abused. #auspol",NO
9879,Watching Casino Royale. She's clearly traumatised! Sucking her fingers work! Right?! #JamesBond,NO
9882,@michellemccann we had that last night - lightning for 2 hours! Poor Dawg traumatised. Ended up huddling in basement. @David_Williamso,NO
9891,@Tanishaa_ I have never watched it until now.. actually traumatised! ??,NO
9892,Why is the story about Kids Company about POLITICIANS over a measly å£3million?  Why is it not about THE KIDS??? Our traumatised children?,NO
9893,@lisajdavidson1 @Nataliealana87 @WestEndShiv I'm already traumatised by my first full day at the Fringe,NO
9895,Still traumatised at the sight of an old woman throwing her shit out the window ?????,NO
9899,for an extra month I was literally traumatised that couldn't been me. But I do a recap in a pool every now &amp; again for safety purposes.,NO
9900,sunakawa is gonna be like traumatised forever i think lol,NO
9902,@lovestheworld55 @SemiMooch so that's why you're now willing to believe nonsense - you were traumatised? Sorry to hear but bible still fake,NO
9903,@DanDoherty_ @TomCenci @HRWright too traumatised to ask why.....,NO
9904,@ibAUTUMN I'm that traumatised that I can't even spell properly! Excuse the typos!,NO
9908,@TitusOReily He's not responsible for the trouble urine!,NO
9913,Pissed something off in the wood pile. Pulling pieces out and I get a small hiss and a series of low clicks for my trouble.,NO
9914,RT MMDA: ADVISORY: Stalled Bus at EDSA Service Road Cubao SB due to mechanical trouble as of 7:53 AM. 1 lane occupied. MMDA T/C on site. TÛ_,YES
9917,a room full of adults going ÛÏboonew boonewÛ along with the ÛÏmake it doubleÛ part of Pokemon PLÛªs shitty midi of Prepare For Trouble,NO
9922,RT  ADVISORY: Stalled Bus at EDSA Service Road Cubao SB due to mechanical trouble as of 7:53 AM. 1 lane occupied.Û_ https://t.co/HRNZKU66mm,NO
9924,since  it    is  a righteous thing with God to repay with tribulation those who trouble you https://t.co/YLTKaWHf9o,NO
9926,Must black folks don't wanna stir up trouble .. Which in turn causes them to be silent on the injustice in the wrld. https://t.co/a5bKmsasjE,NO
9927,If all men sauntered like Fred I think I'd be in trouble. #ShallWeDance #SummerUnderTheStars #TCMParty,NO
9928,"Photo: 22 year old Yahoo Boy in Trouble for Attempting to Bribe EFCC Operatives
see... http://t.co/ObcHpSMHDO",NO
9929,Sitting in my room the whole time in vegas to stay out of trouble,NO
9936,Mouna gonna get me in trouble,NO
9939,@ModCloth having some trouble with your site- keep getting this every time I log in? http://t.co/dnKkYiFsvT,NO
9947,#BestSeller The trouble in one of Buffett's favorite sectors http://t.co/4wa9cMs3Cz,NO
9951,@corcoran30 @kmurphalurph when these two are in the building laughs and trouble haha.. GreatÛ_ https://t.co/ds7ms8g1yR,NO
9954,Click Share in minute info-technews The Trouble With RedditÛªs Content Policy Update | Re/code Û_ http://t.co/wS0xohNb7v,NO
9956,I had trouble breathing while listening to kian singing omg,NO
9957,Today we played mini golf in the rain I was called pretty by a creepy old guy and pretended we didn't speak English to get out of trouble,NO
9959,@AshNiggas tink ...,NO
9962,I liked a @YouTube video from @team0epiphany http://t.co/kui6Ig2EpZ GTA 5 Mods - NEW TSUNAMI MOD GAMEPLAY! HUGE WAVES SHARK HUNTING,NO
9964,omfg Johnny tsunami commercial,NO
9966,I just wanna food but of course I had to get caught in this fucking tsunami. ????,NO
9968,TheDIYHacks: RT Illusionimagess: A tsunami cloud. http://t.co/H6t4x1EVTx,NO
9969,@TerriF77 GodsLove &amp; #thankU beloved sister Terri for RT of NEW VIDEO http://t.co/cybKsXHF7d The Coming Apocalyptic US Earthquake &amp; Tsunami,NO
9970,@DArchambau THX for your great encouragement and for RT of NEW VIDEO http://t.co/cybKsXHF7d The Coming Apocalyptic US Earthquake &amp; Tsunami,YES
9975,When tsunami says your order will take 40 minutes and you placed your order when you were on your way ????,NO
9977,She kept it wet like tsunami she think she saw the titanic I get it hot like wasabi,NO
9981,Oh itÛªs a soccer ball? I thought it was the head of a melting snowman.,NO
9993,I liked a @YouTube video http://t.co/18aAsFMVbl Call Of Duty Ghosts Walktrough Part-8 Tsunami!,NO
9996,I think Tsunami has hit the wall. Dang... #STLCards,NO
9997,@TA7LPlays @Twitch_Bang @Maliceqt @Zelse007 @RhyareeGaming @dougiedabandit sorry what you say theres a tweet tsunami happening,NO
9999,This high-tech sphere can be the key to saving lives during a tsunami. What would you pack in it? http://t.co/KwlpFqRBVp,NO
10002,Drunk #BBMeg! ??????,NO
10007,Help support the victims of the Japanese Earthquake and Pacific Tsunami http://t.co/O5GbPBQH http://t.co/MN5wnxf0 #hope4japan #pray4japan,YES
10015,"'How many sons would a parson parse if a parson could parse sons?'

-popular tongue twister among religious woodchucks",NO
10019,Twister hits 4 villages in Quezon province - http://t.co/ehJv0gvo47 http://t.co/pzJcRNrBSr #Quezon #news,YES
10022,@lizjillies it's such a tongue twister,NO
10024,Seriously though..... Otto Reggie Twister and Sam was living that good life on Rocket Power.,NO
10026,Playing twister with a broken arm wasn't the smartest decision I've made recentlu,NO
10033,when you get stuck on the wicked twister and they have to call maintenance to get you out.. http://t.co/7iFPMFssMU,NO
10043,@kady I would pay to watch the leaders play Twister.,NO
10046,@bamagaga Best part of today? Your song I'M TO BLAME by @KIPMOOREMUSIC is about to play on 101.9 The Twister! http://t.co/sKV3O4Teni,NO
10051,Work-related Dick Twister That Happened Today http://t.co/oJ5cUBshGz,NO
10053,The shortest and hardest tongue twister is: 'Toy Boat' (Try saying it five times fast).,NO
10062,Struggling to Return to Life: Makurazaki Typhoon on September 17 1945 killed thousands. http://t.co/fmp0JsH4wX http://t.co/X3TotYZAZe,YES
10063,Obama Declares Disaster for Typhoon-Devastated Saipan: Obama signs disaster declaration for Northern Marians a... http://t.co/Hni4v2ZUk3,YES
10065,#Map: Typhoon Soudelor's predicted path as it approaches Taiwan; expected to make landfall over southern China by Û_ http://t.co/PgD7UXtVGg,YES
10068,Obama signs disaster declaration for Northern Marians after typhoon hits US territory  http://t.co/0IPaVKJgDC,YES
10078,Typhoon Soudelor heads for Taiwan http://t.co/Pg0BhL6FQC #wtf #news #tv #fun #funny,YES
10086,UK WEATHER ALERT: Remnants of Asian super typhoon Soudelor to cause VIOLENT ... - http://t.co/JXOcfzKyw7 http://t.co/sZx1v2mk8K,YES
10094,#Trending #Viral Spectacular satellite view of Typhoon Soudelor @rumblevideo http://t.co/VkF0gkZ9N3,NO
10095,"#WorldNews #World
 Saipan Has No Water Electricity in Typhoon Aftermath - Voice of America - World - Google News.. http://t.co/5sUdXgNdA3",YES
10096,Striking views of Super Typhoon Soudelor as it tracks toward Taiwan China http://t.co/hsjp6Hoffe,YES
10097,Saipan has no water electricity in aftermath of typhoon http://t.co/UBAk5uOI48,YES
10103,Obama Declares Disaster for Typhoon-Devastated Saipan: Obama signs disaster declaration for Northern Marians a... http://t.co/a1MoeJxqyA,YES
10104,#abc Obama Declares Disaster for Typhoon-Devastated Saipan http://t.co/ueHFZTeYHu #international #news,YES
10108,@SushmaSwaraj Am sure background check of the child's details are done before the kid gets into another upheaval.,NO
10122,Where bottle cherry timbering facilities upheaval entryway?: fJiZzTxK,NO
10123,@ArvindKejriwal Bharat is showing silent political upheaval and change to fulfill the wishes of the people. Retired DGM NABARD,NO
10128,MGS4 came out during a time of great upheaval in my life and itÛªs very odd that MGSV is coming and itÛªs also when things are getting iffy,NO
10131,Bat four reasons en route to upheaval versus internet buzz value: pVDRDLJvc,NO
10133,? http://t.co/5J8vHUXzrp #Ancient Mayan Tablet with Hieroglyphics Honors Lowly King #livescience #future Û_ http://t.co/n3aQXoMubu,NO
10134,Permutable site conspiracy up-to-the-minute upheaval: QWkD,NO
10135,For THIS FAN this was 1 upheaval too many! Done with this garbage of a show! @ABCNetwork @shondarhimes @EllenPompeo  https://t.co/hq5TDxKqHB,NO
10145,Life needs quality and a certain sense of security. Being with a person you can't trust can only cause stress and emotional upheaval.,NO
10148,"Medieval Upheaval (Hardy Boys: The Secret Files)
Franklin W. Dixon - Aladdin. http://t.co/Yb7ijKtlnB",NO
10154,This week we received the sad news of our friends daughters cancer prognosis. This is the second upheaval in this... http://t.co/tpOptWMWFR,YES
10155,This Is How Retailers Intend to Survive Upheaval http://t.co/WOcpJi5uq1 #retail #consumers http://t.co/JelXFtOpu5,NO
10158,@RoxYunkFalls August 4 1915 http://t.co/jjNS0YjaLA Violent storm strikes city Manayunk flooding and damage. Sports &amp; War news,YES
10160,Dramatic Video Shows Plane Landing During Violent Storm http://t.co/YX8OdrrINr,YES
10161,@hippieXox If the word 'violent' comes to mind it's food poisoning. Nothing you can do but weather the storm about 24 hours.  :(,NO
10162,And Kolkata is struck by a Cyclonic Storm. Sumthng big is gonna happen 2day evng. Heavy rains nd a violent storm approachng. God help us.,YES
10165,More Severe Weather Heads Toward Chicago Area: A brief violent storm swept through the Chicago area Sunday af... http://t.co/JWSLLsuKjg,YES
10166,Terrifying POV footage captures violent landing from inside a passenger jet during a storm in Amsterdam http://t.co/TyAOYEpelz,YES
10167,[WP] You work on the top floor of a hotel when suddendly a violent storm comes the news proclaims your city in a Û_ http://t.co/S6Rc7dbAL1,YES
10170,RT @calgarysun: Sun photographer Stuart Dryden spotted this vortex spun off a violent storm in Sylvan Lake. #abstorm http://t.co/w0BZ0JNGvB,YES
10178,Holy crap! BRAVO Sir! Amazing! Dramatic Video Shows Plane Landing During Violent Storm http://t.co/xB0bw8h8Ur,YES
10180,"Violent Forces Radio: Now Playing Torture - Storm Alert
TuneIn Player @ http://t.co/XsSgEdSbH4",YES
10181,Circus tent collapses in violent storm killing 2 kids in New Hampshire http://t.co/j0saXEKBTa,YES
10185,Storm is here! Violent winds and pounding rains in Evergreen. #yyc,YES
10188,Stay inside for the next little while kids. We're having a bit of a violent storm right now. -kjc,YES
10190,Watch: Violent Storm Causes Deadly Accident at New Hampshire Circus http://t.co/jpPiR3ZzKA #GMA http://t.co/nV5GCDpIBA,YES
10196,"Violent Forces Radio: Now Playing Axegressor - Psalm Before the Storm
TuneIn Player @ http://t.co/XsSgEdSbH4",YES
10200,#calgaryweather  It would be nice if they would fix radar before another violent storm  Uninformed citizens dangerous #YYC #yycweather,YES
10205,2012#Shell's 250-foot-tall drilling rig broke loose from a towline&amp;drifted out of control during violent winter storm #incompetent #shellno,YES
10211,http://t.co/16EClWrW84 Asics GT-II Super Red 2.0 11 Ronnie Fieg Kith Red White 3M x gel grey volcano 2,NO
10216,Force Factor VOLCANO 120 Capsule Brand New  - Full read by eBay http://t.co/HewutDLDqh http://t.co/8etXXzBdua,NO
10219,The sunset looked like an erupting volcano .... My initial thought was the Pixar short Lava http://t.co/g4sChqFEsT,YES
10221,@CatholicMomVA Or take away his ring &amp; throw it in a volcano...,NO
10225,The highlight of my day has been playing with my raw volcano humidifier. #sicklife http://t.co/teDRu4hg3i,NO
10227,@Jesssssssee @eevans17 The Illuminati: The Yellowstone Super Volcano Conspiracy http://t.co/wymv9cYxzK,NO
10228,idgaf fly into a volcano,NO
10230,?? @ KETEP VOLCANO CENTRE ketep PASS https://t.co/IdBnKxu80L,NO
10232,Learning from the Legacy of a Catastrophic Eruption - The New Yorker http://t.co/y8YqPBE4t9,YES
10233,#USGS M 1.9 - 5km S of Volcano Hawaii: Time2015-08-06 01:04:01 UTC2015-08-05 15:04:01 -10:00 at epicenter... http://t.co/meVvkaXcdE #SM,YES
10235,"CLUB GOING UP MIXTAPE (RNB EDITION) 2015 ?? BY DJ VOLCANO X STARZ TEAM

DOWNLOAD: https://t.co/DpBFuU2GD6",NO
10238,#Sismo M 1.9 - 5km S of Volcano Hawaii: Time2015-08-06 01:04:01 UTC2015-08-05 15:04:01 -10:00 at epicente... http://t.co/K28mgWTZcV #CS,YES
10240,Quake: M 1.9 - 5km S of Volcano Hawaii,NO
10242,what's the hottest thing you've ever seen..fire?..the sun?..a volcano?  or this? http://t.co/2GLdsHRaiI,NO
10248,The Architect Behind Kanye West's Volcano - New York Times http://t.co/3QJUExX0Y0,NO
10254,Just watched Punisher: War Zone. IDK why everyone hates it. It is basically the best possible movie you could get out of Punisher,NO
10257,My new sounds: War Zone https://t.co/hNXRfqRk3P on #SoundCloud,NO
10261,Sammy is here in this war zone. Jamal spoke to me on the phone. Now my wife is next to speak to me ...what else can&gt; http://t.co/2CppfprxoG,NO
10262,@thelovatoagent omg i feel like i am in a war zone,NO
10266,I think it's time for a cup of tea and a scone before I tackle the war zone that is is my bedroom. I wonder how many condom packets Ill find,NO
10267,Saipan looks like a war zone though,YES
10271,T Shirts $10 male or female get wit me. 2 days until its game changin time. War Zone single will beÛ_ https://t.co/Z0poYR096J,NO
10277,Um OK '@dandre_5: Sundays during football seasonfrom about 9 am - 11 pm women shouldn't even log onshit be a complete war zone',NO
10279,Just trying to find my my peace in a Zone of war,NO
10281,Twitter is going to be a war zone today  https://t.co/1QHNqCZvod,NO
10282,The Resistance wages guerrilla warfare against KPA forces in the Red Zone the war-torn outskirts of... http://t.co/WFxAwQvvjr,YES
10285,When your friend getting whooped and you running out of weapon options ?????? #TeamDuval #T... (Vine by TerrellT) https://t.co/Sf9Ufv7w6C,NO
10292,3 Stars in 212 seconds! Level 43 Surgeon. Weapon of choice: Neutron Rifle. #callofmini #doubleshot,NO
10298,Yo that guy changed his weapon mid battle how did he do that?,NO
10300,fun fact: every rapid-fire weapon in the game is a hard counter to the slosher and the splattling,NO
10309,Slosher is a fucboi weapon,NO
10311,"No more war.People need no any weapon.
We need the world of peace. https://t.co/DhRvYtjlFL",NO
10312,#AskConnor there's a zombie apocalypse. the item to your right is your weapon. you're either screwed or you're gonna live.,NO
10319,"True strength is forgiveness. Love the most powerful weapon. .@vickysuewrites' Broken Circle'

#giveaway #boyxboy http://t.co/Zgc3EsLNPS",NO
10324,On 70th anniversary of #Hiroshima bomb it is important to learn from history and ban this weapon.,YES
10326,@KnaveTBE lol. Not the class but the class of weapon,NO
10328,"@sindy642498 
I'm really glad to hear thatÛ_;;
Nowlike usthe world is truely connected.
I want truely peaceful world without any weapon!",NO
10343,@JPens4Real21 Geno has weapons now I'll give him the benefit of the doubt this year. I'm just not a huge believer. Still not mature enough.,NO
10346,@DANNYonPC @YouTube Its engineer only again so 2 1000+ rpm weapons = no thanks,NO
10347,Helpful Tips For Nuking An Asteroid http://t.co/GwRsga9uJV,NO
10353,I'm all in favor of keeping dangerous weapons out of the hands of fools. Let's start with typewriters.,NO
10354,Security experts report that the only way to keep Iran 'honest' and stop her march to nuclear weapons is by... http://t.co/DGnbUsfXkw,YES
10356,"Aug 3 1915ÛÓKILL 10000 WITH ROCKS.; Italians Make Good Use of Nature's Weapons -- Excel with Bayonet.
http://t.co/ck1mMvHU0T",NO
10357,@deray @marstu67 Cop Benefits:Great Salary Free Car Free Rent Free Food.Free Weapons License to Kill &amp; Rape with Impunity.,NO
10362,"??Water fight??
Penn park 6pm 
      BYOW
(Bring Your Own Weapons)",NO
10363,Abe proposed a new plan for abolishing nuclear weapons. Yesterday his defense minister made clear nukes are fine. http://t.co/A6IR8rKuwS,NO
10370,NAVY SAYS LT CMDR WHO FIRED SIDEARM IN DEFENSE DURING NOSC CHATTANOOGA TERRORIST ATTACK WILL NOT FACE CHARGES... http://t.co/vCcDKC4qt2,YES
10373,Any attempt to sell weapons to #Nigeria is an attempt to upgrad #Bokoharm army #USA must know this now @UN,NO
10386,Whirlwind full of bombarded kunais.,NO
10388,@BarstoolBigCat what a whirlwind.,NO
10389,I've officially been a St. Louisan for one full year. What a crazy awesome overwhelming whirlwind year it has been. Here's to another!,NO
10391,Missing Malaysian airplane: Debris was planted ÛÒ Families News - WhirlWind News http://t.co/bLd0nHKzbh,YES
10397,Warcraft has always been this weird referential whirlwind to itself and other things,NO
10400,@Chelsea_Rosette ah bless ya. Not too bad. My life's been a bit of a whirlwind the last two weeks! Got a cold too that won't shift ?? #sexy,NO
10403,Join me on FB for #Sneak #Peek Friday http://t.co/3DK5zyYQ1F for my upcoming #novel To Reap a Whirlwind #fiction #historical #wip #amwriting,NO
10404,WAS Times: PawSox owners public return from whirlwind trip to Durham http://t.co/07nKMO7VaS,NO
10408,I liked a @YouTube video http://t.co/a5YTAw9Vih S.O.S. Rona Guide - The Red Whirlwind,NO
10417,"[VID]150806 Luhan From Luhan Studio Channel on YOUKU Update 

http://t.co/W7yeZkQlCJ http://t.co/C0QWZ0IshR",NO
10425,{{ whirlwind romance dress | in-store &amp; online }} #freshoutofthebox #getitbeforeitsgone #under50 #newnewnew... http://t.co/8BUTsC4ZyN,YES
10435,#HarperANetflixShow  Blazing Saddles  (a show about wild fires in Alberta),YES
10437,?? #BREAKING: massive wild- and field fires reported throughout Germany! The most fires are in eastern #German http://t.co/4zSIy7EO2O,YES
10438,We all complain about PA but atleast we don't have those wild fires taking our homes like north Cali or the floods in Florida right now,YES
10440,my wife has opted to take holidays &amp; historically since we met @lanahillman gets special treatment her bonfires can't start wild fires-RAIN!,YES
10442,Like blazing wild fires singing Your name!,YES
10447,NetNewsLedger Wild Fire Update ÛÒ August 4 2015: THUNDER BAY ÛÒ WEATHER ÛÒ ThereåÊwere no new fires confirmed by t... http://t.co/JflxgEmBdA,YES
10452,@myralynn24 Becuase it can cause property damage and cause wild fires,YES
10453,Hey @Macys ! My moms house burned down in the CA wild fires &amp; I bought her an e gift card to buy her CLOTHES (cont) http://t.co/sWdjnypCXK,YES
10454,California wild fires...clearly caused by global climate change and excess CO2!!!?,YES
10459,California wild fires blow my mind every time,YES
10460,@MrRat395 Are those wild fires getting anywhere near you?,YES
10463,Stampedes and fires brought him home; can her love make him stay? TAME A WILD HEART #audiobook http://t.co/2dPKqAFtbr #BYNR @BeingAuthor,YES
10465,Go home California you're drunk. Natural selection has taken affect. Debt extreme wild fires water supply problems. You fail as a state.,YES
10469,@CBS evening news covers tent collapse wild fires NO mention of worst Planned Parenthood video to date #Narrative,YES
10474,WILD FIRES! http://t.co/EgrMdkXpOi,YES
10475,Wild Fires In California Continue To Burn - http://t.co/nKcmib9WL0 http://t.co/CpMGBWVDXM,YES
10476,one of them wild fires in cali or something or in the mid west or where ever they show up..shit dont pop up around me,YES
10477,@JacobHoggard @therealmattleaf  it's so sad out there in BC all the wild fires. Hope u are safe.,YES
10480,when there's 35 wild fires in the US and 21 of them are in California....AND we're in a drought.....this state is so sad,YES
10491,11:57am Wildfire by The Mynabirds from Lovers Know,NO
10493,Finger Rock wildfire grows to 500 acres #Tucson http://t.co/zSXGEI1Nxf,YES
10494,#chattanooga The Latest: California governor headed to site of wildfire http://t.co/D6E7IICW5W,YES
10495,About to get it with the babes of #wildfire and @taviiikenney of course!!,NO
10497,Here's a quick timelapse I made of the Finger Rock Fire last night from about 9PM - 1AM. Check it out! #fingerrockfire #wildfire #catalinas,NO
10501,#WAwildfire in #chelan? Wolverine fire results in evacuation. http://t.co/yePlnZPoWu,YES
10504,can't eat a wildfire chicken salad without thinking of / missing @Alynacarol ??,NO
10507,Cherokee Road and Road 22 (Three Sisters Wildfire): There are two roads closed to the general public: ... http://t.co/WwnL8FvfMM #IDFire,YES
10509,As California fires rage the Forest Service sounds the alarm about sharply rising wildfire costs http://t.co/ht8FyiMJlR,YES
10510,Be careful out there. http://t.co/KoBavdEKWn,NO
10512,"Wolverine Fire Update - Thursday August 6 - 9:00 Am

Incident: Wolverine Fire Wildfire
Released: 41 min. ago... http://t.co/8WDTTzpTXH",YES
10514,Cooler weather helps crews battling state wildfire.. Related Articles: http://t.co/15fHVIi9Qp,YES
10526,Wildfire near Columbia River town is 50 percent contained - http://t.co/yTPiPXpqr9 http://t.co/HCUQ6jpBtL,YES
10528,"smHRN mhtw4fnet

Crews gaining on huge Northern California wildfire - CBS News",YES
10530,Rocky Fire #cali #SCFD #wildfire #LakeCounty https://t.co/3pu0000v5o,NO
10531,This machine really captured my attention. #helicopter #firefighting #wildfire #oregon #easternoregonÛ_ https://t.co/eKt456jY1s,YES
10532,Forest Grove grass fire sparked by tractor quickly contained - KATU http://t.co/FMbcocS79u,YES
10538,San Patricio ÛÓ Windstorm insurance reform key for coastal homeowners: PORTLAND ÛÒ State Rep. J.M. Lozano spoke ... http://t.co/GQySVKrAGi,NO
10539,Texas Seeks Comment on Rules for Changes to Windstorm Insurer http://t.co/SDZLVBiFbN,NO
10542,New roof and hardy going up...Windstorm inspection tomorrow.. http://t.co/3XMLQRpNQR,NO
10547,Insurance News:Texas Seeks Comment on Rules for Changes to Windstorm Insurer,NO
10549,TWIA board approves 5 percent rate hike: The Texas Windstorm Insurance Association (TWIA) Board of Directors v... http://t.co/NvxLJDsNkX,NO
10556,GLORIA JONES - VIXEN / WINDSTORM (2IN1) CD 20 TRACKS MARC BOLAN http://t.co/E3cAymmIcN http://t.co/eRzcXloPDL,NO
10569,@t_litt44 I seen you that one day look like you went threw a windstorm ??,NO
10572,Great time group camping at Presqu'ile with family&amp;friends.Lots of fun;not much sleep #PQPHistoryWeekend #windstorm http://t.co/0tYkaZyQpF,NO
10577,Texas Seeks Comment on Rules for Changes to Windstorm Insurer: The Texas Department of Insurance is seeking pu... http://t.co/NGF9n8Jquu,YES
10579,A few more photos from this mornings windstorm. We've never seen anything like it! #rhodeisland #warwick,NO
10586,Police Officer Wounded Suspect Dead After Exchanging Shots http://t.co/e4wvXQItV4,YES
10594,"The South Korean army wounded 44 persons' Takeshima's Japanese fisherman and occupies the island.  
http://t.co/mJCXgKU8Yt",NO
10595,Gunmen kill four in El Salvador bus attack: Suspected Salvadoran gang members killed four people and wounded s... http://t.co/LZWRONbTmi,YES
10597,You still acting like you were the one wounded. Didn't you do the stabbing?...,NO
10602,#Dime_Miloko Officer Wounded Suspect Killed in Exchange of Gunfire: Richmond police officer wounded suspect killed in exchange of gunfire,YES
10604,Police officer wounded suspect dead after exchanging shots: A Richmond police officer was wounded and a suspe... http://t.co/FzQPiQeCHB,YES
10614,"Pope Francis talks about WOUNDED FAMILIES
http://t.co/m1RfBPODI9",NO
10617,@lordjewcup @helloimivan wounded warrior,NO
10618,Man seriously wounded in Auburn Gresham shooting http://t.co/qPsSbAfSuL #Chiraq,YES
10619,Suspected Salvadoran gang members killed four people and wounded seven more on Wednesday in an attack on a bus as it travelled down a ruralÛ_,YES
10624,Officer Wounded Suspect Killed in Exchange of Gunfire http://t.co/HHSjnAVHUA,YES
10633,'Police Officer Wounded Suspect Dead After Exchanging Shots' http://t.co/guNq7ZTUn4 #????_?????,YES
10634,Police Officer Wounded Suspect Dead After Exchanging Shots: Richmond police officer wounded suspect killed a... http://t.co/YIKQRqczVZ,YES
10635,He was crushed for our iniquities; the punishment that brought us peace was upon him &amp; by his wounds we are healed. -Isa 53:5,NO
10638,@bkanioros Lizeth and I tried over and over again to fix our relationship it never worked bk you cannot heal those wounds I love you for,NO
10639,Love wounds,NO
10642,'@GoogleFacts: Wounds heal faster if you lick them. Tears also help them heal as well.'  I know right even thou it seems stupid when lickin,NO
10643,"the wounds of honor
 are self-inflicted",NO
10645,ME: gun shot wounds 3 4 6 7 'rapidly lethal' would have killed in 30-60 seconds or few minutes max. #kerricktrial,NO
10646,@Cash7Nigga whoa. Insomniac. Why don't you try to get some sleep. Sleep heals all wounds. Food too ! Night :),NO
10649,Do You Let Your Emotional Wounds Fester? http://t.co/yDWhMgIMOE ? Powerful story andåÊword picture. via @forgivenwife,NO
10652,Israeli military shoot Palestinian who injured 3 in West Bank car attack http://t.co/P9DCnuLODR via @YahooNews,YES
10653,@WorldRunners @RunningRoom Day 3&amp;my wounds are looking much better. Running road rash. #summer #injury #offdishduty http://t.co/aGkWKaqgOS,NO
10654,Time heals all wounds. And if it doesn't you name them something other than wounds and agree to let them stay. ????,NO
10661,2 Policemen receive bullet wounds Reports indicate 6-7 armed men attacked a police post.,NO
10664,Palestinian rams car into Israeli soldiers wounding 3 http://t.co/n79BMXQKlg #EMM,YES
10668,and the salt in my wounds isnt burnin any more than it used to its not that i dont feel the pain its just im not afraid of hurting anymore,NO
10670,When and how does a character recover fromåÊwounds? http://t.co/ohhkuHtjXm,NO
10674,What they (dentists) don't tell u is how much ur mouth will be in pain when the numbing wears off because of the puncture wounds in ur gums.,NO
10683,Our wounds can so easily turn us into people we don't want to be and we hardly see it happening,NO
10694,i'm sitting in the parking lot waiting to go into therapy and i'm crying and an emotional wreck and i don't want my therapist to know ????????????,NO
10697,Last week we had a blast hosting Dinner &amp; a Movie Night with 'Wreck-It Ralph' on @FtCarsonPAO! @carsonmwr #TBT http://t.co/tUYPxEoBQa,NO
10699,Now that IÛªve figured out how to get my music in my rental car I can take a night drive to nowhere tonight. Hopefully without a wreck.,NO
10701,i'm an emotional wreck watching emmerdale fml,NO
10703,Interesting in watching a train wreck while taking acid kind of way https://t.co/kM08qiWW4g,NO
10713,@DukeSkywalker @facialabuse you should do a competetion between @xxxmrbootleg &amp; #ClaudioMeloni (ultimate throat penetrator) to a wreck off.,NO
10714,Man faces manslaughter charges following fatal Sunday wreck | AL.c.. Related Articles: http://t.co/5xrFhdXTvX,NO
10716,*is a wreck* *gives ppl lifestyle advice*,NO
10717,I'm an emotional wreck someone hold me until they upload the damn video #whatstheimportantvideo,NO
10719,I added a video to a @YouTube playlist http://t.co/wYtu7vIwsj Burnt Black - Nervous Wreck,NO
10725,and not a wreck of uneven layers  https://t.co/Y0WE0wXQCp,NO
10728,Dj d wreck cut the beat,NO
10734,@Herologist i know right? It's a train wreck. You can't believe it's happening but you can't look away.,NO
10738,Wreckage 'Conclusively Confirmed' as From MH370: Malaysia PM,YES
10740,Wreckage 'Conclusively Confirmed' as From MH370: Malaysia PM: Investigators and the families of those who were... http://t.co/cUrJAT1BqI,YES
10742,Wreckage 'conclusively confirmed' as from MH370: Malaysia PM http://t.co/Se1QkNPltS | https://t.co/DnhRviV1dJ,YES
10756,Wreckage 'Conclusively Confirmed' as From MH370: Malaysia PM: Investigators and the families of those who were... http://t.co/O8sTW4YN8R,YES
10757,#science Now that a piece of wreckage from flight MH370 has been confirmed on RÌ©union Island is it possible t...  http://t.co/cKQ7tOE82u,YES
10758,Wreckage 'Conclusively Confirmed' as From MH370: Malaysia PM,YES
10761,Wreckage 'Conclusively Confirmed' as From MH370: Malaysia PM: Investigators and the families of those who were... http://t.co/1RzskdRrDk,YES
10762,TOP STORY: wreckage from #MH370 officially confirmed. @janisctv reports on the critical clue from a tiny island. http://t.co/hlWw2P5k9o,YES
10773,Wreckage 'Conclusively Confirmed' as From MH370: Malaysia PM http://t.co/MN130C4e2D via @ndtv,YES
10778,Wreckage 'Conclusively Confirmed' as From MH370: Malaysia PM: Investigators and the families of those who were... http://t.co/mzB0MKuUo7,YES
10781,RT @australian Debris found on an Indian Ocean island confirmed to be from flight #MH370. http://t.co/gY9MrSl6x2,YES
10791,Cramer: Iger's 3 words that wrecked Disney's stock http://t.co/4dGpBAiVL7,NO
10792,Almost *wrecked* my van the other day because of this guy (yeah I brake &amp; also care for animals ~ get used to it)!  https://t.co/8ZaHavmtT6,NO
10796,'What manner of human being would parcel out a baby as though it were a wrecked car in a junk yard? TheÛ_' ÛÓ dtom2 http://t.co/lj6lzo4isX,YES
10797,@Nathan26_RFC thought you said Saturday night there and near died lolol you'll be wrecked!!,NO
10801,I just wanna ease your mind and make you feel alright.????,NO
10804,@yakubOObs think he deactivated because his notifications are aids after tesco wrecked him lol,NO
10806,RT CNBC '3 words from Disney CEO Bob Iger wrecked Disney's stock says Jim Cramer: http://t.co/f0texKsqhL http://t.co/ilySLaTMgI',NO
10807,Smackdown tyme this should put me in a good mood again since it got wrecked smh,NO
10816,@thrillhho jsyk I haven't stopped thinking abt remus slumped against the bathroom door all day I was wrecked ??????????,NO
10820,@stighefootball Begovic has been garbage. He got wrecked by a Red Bull reserve team and everyone else this preseason,NO
10828,Wrecked today got my hattrick ????,NO
10836,#Ebola #EbolaOutbreak Ebola Virus: Birmingham Ala. Firefighters Quarantined After Possible Exposure Officials Say http://t.co/tjpYlU9fOX,YES
10838,Malaysian PM confirms debris is from missing flight MH370 http://t.co/pfAvW5QyqE,YES
10845,Officials: Alabama home quarantined over possible Ebola case - Washington Times,YES
10856,See the 16yr old PKK suicide bomber who detonated bomb in Turkey Army trench released: Harun Ìàekdar ... http://t.co/hKuT5mSdtP @MsOreo_,YES
10857,To conference attendees! The blue line from the airport has DERAILED - please look into taking a taxi to the hotel! See you soon!,NO
10858,The death toll in a #IS-suicide car bombing on a #YPG position in the Village of Rajman in the eastern province of Hasaka has risen to 9,YES
10861,EARTHQUAKE SAFETY LOS ANGELES ÛÒ SAFETY FASTENERS XrWn,NO
10865,Storm in RI worse than last hurricane. My city&amp;3others hardest hit. My yard looks like it was bombed. Around 20000K still without power,NO
10868,Green Line derailment in Chicago http://t.co/UtbXLcBIuY,YES
10874,MEG issues Hazardous Weather Outlook (HWO) http://t.co/3X6RBQJHn3,NO
10875,#CityofCalgary has activated its Municipal Emergency Plan. #yycstorm,NO
